{"stats":{"minecraft:killed":{"minecraft:pig":1,"minecraft:skeleton":2,"minecraft:zombie":14},"minecraft:broken":{"minecraft:stone_pickaxe":4},"minecraft:picked_up":{"minecraft:crafting_table":4,"minecraft:wheat":2,"minecraft:glow_ink_sac":5,"minecraft:andesite":2,"minecraft:potato":17,"minecraft:enchanted_book":1,"minecraft:lapis_lazuli":79,"minecraft:dirt":16,"minecraft:raw_copper":13,"minecraft:cooked_mutton":2,"minecraft:bone":1,"minecraft:wheat_seeds":14,"minecraft:cobbled_deepslate":70,"minecraft:raw_gold":2,"minecraft:spruce_planks":7,"minecraft:furnace":3,"minecraft:stick":10,"minecraft:raw_iron":35,"minecraft:cooked_porkchop":1,"minecraft:sweet_berries":44,"minecraft:torch":35,"minecraft:porkchop":1,"minecraft:spruce_sapling":4,"minecraft:spruce_log":5,"minecraft:pumpkin_seeds":1,"minecraft:arrow":3,"minecraft:rotten_flesh":11,"minecraft:diamond":1,"minecraft:granite":24,"minecraft:bread":10,"minecraft:mutton":4,"minecraft:coal":57,"minecraft:white_wool":1,"minecraft:cobblestone":341},"minecraft:crafted":{"minecraft:crafting_table":1,"minecraft:spruce_planks":20,"minecraft:wooden_pickaxe":1,"minecraft:baked_potato":4,"minecraft:furnace":2,"minecraft:cooked_mutton":2,"minecraft:air":0,"minecraft:stick":16,"minecraft:iron_ingot":10,"minecraft:iron_pickaxe":1,"minecraft:stone_pickaxe":4,"minecraft:stone_sword":1,"minecraft:torch":44},"minecraft:killed_by":{"minecraft:player":1},"minecraft:mined":{"minecraft:deepslate_diamond_ore":1,"minecraft:sculk_vein":2,"minecraft:crafting_table":4,"minecraft:torch":2,"minecraft:granite":24,"minecraft:grass_block":6,"minecraft:copper_ore":5,"minecraft:cobblestone":2,"minecraft:spruce_leaves":4,"minecraft:lapis_ore":12,"minecraft:deepslate_gold_ore":2,"minecraft:wall_torch":3,"minecraft:furnace":3,"minecraft:iron_ore":27,"minecraft:wheat":11,"minecraft:sweet_berry_bush":1,"minecraft:andesite":2,"minecraft:deepslate_iron_ore":8,"minecraft:potatoes":1,"minecraft:coal_ore":57,"minecraft:dirt_path":2,"minecraft:dirt":8,"minecraft:stone":343,"minecraft:deepslate":70},"minecraft:dropped":{"minecraft:bread":5,"minecraft:sweet_berries":3,"minecraft:glow_ink_sac":5,"minecraft:rotten_flesh":11,"minecraft:pumpkin_seeds":1,"minecraft:dirt":1,"minecraft:spruce_planks":7,"minecraft:andesite":2,"minecraft:spruce_sapling":4,"minecraft:bone":1},"minecraft:used":{"minecraft:cooked_mutton":4,"minecraft:stone_sword":80,"minecraft:stone_pickaxe":527,"minecraft:baked_potato":4,"minecraft:wooden_pickaxe":12,"minecraft:white_wool":1,"minecraft:torch":54,"minecraft:dirt":15,"minecraft:crafting_table":4,"minecraft:granite":12,"minecraft:iron_pickaxe":21,"minecraft:bread":5,"minecraft:cobblestone":111,"minecraft:sweet_berries":48,"minecraft:furnace":3,"minecraft:cooked_porkchop":1,"minecraft:potato":12,"minecraft:cobbled_deepslate":70},"minecraft:custom":{"minecraft:interact_with_furnace":13,"minecraft:mob_kills":17,"minecraft:interact_with_crafting_table":10,"minecraft:open_barrel":2,"minecraft:interact_with_loom":2,"minecraft:interact_with_campfire":3,"minecraft:leave_game":1,"minecraft:time_since_death":56352,"minecraft:sleep_in_bed":1,"minecraft:time_since_rest":27081,"minecraft:sprint_one_cm":185404,"minecraft:damage_taken":1397,"minecraft:walk_one_cm":154638,"minecraft:drop":22,"minecraft:damage_dealt":3596,"minecraft:swim_one_cm":16270,"minecraft:talked_to_villager":2,"minecraft:fly_one_cm":142835,"minecraft:player_kills":3,"minecraft:open_chest":8,"minecraft:crouch_one_cm":4943,"minecraft:play_time":65587,"minecraft:deaths":1,"minecraft:sneak_time":1895,"minecraft:walk_under_water_one_cm":10037,"minecraft:jump":1214,"minecraft:walk_on_water_one_cm":9867,"minecraft:total_world_time":65587,"minecraft:fall_one_cm":39487}},"DataVersion":3465}