{"stats":{"minecraft:killed":{"minecraft:skeleton":1},"minecraft:broken":{"minecraft:stone_pickaxe":1},"minecraft:picked_up":{"minecraft:stick":10,"minecraft:crafting_table":1,"minecraft:sweet_berries":42,"minecraft:andesite":2,"minecraft:torch":30,"minecraft:potato":13,"minecraft:spruce_sapling":3,"minecraft:spruce_log":5,"minecraft:raw_copper":5,"minecraft:dirt":12,"minecraft:cooked_mutton":2,"minecraft:pumpkin_seeds":1,"minecraft:arrow":1,"minecraft:granite":12,"minecraft:bread":10,"minecraft:mutton":4,"minecraft:coal":42,"minecraft:white_wool":1,"minecraft:cobblestone":186,"minecraft:furnace":1},"minecraft:crafted":{"minecraft:crafting_table":1,"minecraft:spruce_planks":20,"minecraft:stick":4,"minecraft:wooden_pickaxe":1,"minecraft:stone_pickaxe":4,"minecraft:stone_sword":1,"minecraft:furnace":1,"minecraft:torch":12},"minecraft:killed_by":{"minecraft:player":1},"minecraft:mined":{"minecraft:furnace":1,"minecraft:sweet_berry_bush":1,"minecraft:andesite":2,"minecraft:granite":12,"minecraft:crafting_table":1,"minecraft:coal_ore":42,"minecraft:grass_block":5,"minecraft:dirt_path":1,"minecraft:dirt":6,"minecraft:copper_ore":3,"minecraft:spruce_leaves":2,"minecraft:stone":186},"minecraft:dropped":{"minecraft:dirt":1,"minecraft:sweet_berries":3,"minecraft:andesite":2,"minecraft:pumpkin_seeds":1,"minecraft:spruce_sapling":3},"minecraft:used":{"minecraft:cooked_mutton":2,"minecraft:stone_sword":5,"minecraft:stone_pickaxe":234,"minecraft:wooden_pickaxe":12,"minecraft:torch":40,"minecraft:white_wool":1,"minecraft:dirt":9,"minecraft:sweet_berries":39,"minecraft:crafting_table":2,"minecraft:furnace":1},"minecraft:custom":{"minecraft:time_since_rest":20377,"minecraft:sprint_one_cm":87542,"minecraft:damage_taken":762,"minecraft:walk_one_cm":70401,"minecraft:mob_kills":1,"minecraft:drop":9,"minecraft:damage_dealt":687,"minecraft:swim_one_cm":15684,"minecraft:talked_to_villager":2,"minecraft:interact_with_crafting_table":6,"minecraft:fly_one_cm":57301,"minecraft:player_kills":3,"minecraft:open_barrel":2,"minecraft:open_chest":6,"minecraft:crouch_one_cm":249,"minecraft:interact_with_loom":2,"minecraft:play_time":29587,"minecraft:deaths":1,"minecraft:interact_with_campfire":2,"minecraft:sneak_time":104,"minecraft:walk_under_water_one_cm":9007,"minecraft:jump":448,"minecraft:leave_game":1,"minecraft:walk_on_water_one_cm":5986,"minecraft:time_since_death":20352,"minecraft:total_world_time":29587,"minecraft:fall_one_cm":18094}},"DataVersion":3465}