{"stats":{"minecraft:crafted":{"minecraft:oak_planks":16,"minecraft:furnace":1,"minecraft:flint_and_steel":1,"minecraft:bow":1,"minecraft:stone_pickaxe":2,"minecraft:dark_oak_planks":24,"minecraft:wheat":18,"minecraft:diamond_sword":8,"biomesoplenty:jacaranda_planks":24,"minecraft:cooked_porkchop":11,"minecraft:crafting_table":1,"minecraft:spruce_planks":4,"biomesoplenty:redwood_planks":4,"minecraft:iron_helmet":1,"minecraft:baked_potato":8,"minecraft:mangrove_planks":4,"minecraft:dark_oak_button":12,"minecraft:stone_axe":2,"minecraft:bread":6,"minecraft:air":0,"minecraft:shield":2,"minecraft:stick":48,"minecraft:torch":152},"minecraft:dropped":{"minecraft:wheat_seeds":7,"minecraft:glass_bottle":1,"minecraft:cooked_porkchop":5,"minecraft:cobblestone":6,"minecraft:book":3,"minecraft:leather":4,"minecraft:dark_oak_button":12,"minecraft:jungle_planks":1,"minecraft:mangrove_planks":4,"biomesoplenty:jacaranda_planks":22,"minecraft:spruce_stairs":1,"minecraft:chainmail_helmet":1,"minecraft:coal":1,"minecraft:dirt":6,"minecraft:cornflower":1,"minecraft:smooth_quartz":10,"minecraft:rose_bush":2,"minecraft:iron_leggings":3,"minecraft:chainmail_leggings":1,"minecraft:string":71,"minecraft:white_wool":3,"minecraft:music_disc_cat":1,"minecraft:cyan_carpet":2,"minecraft:bone":151,"minecraft:furnace":1,"minecraft:moss_carpet":1,"minecraft:coarse_dirt":3,"minecraft:raw_iron":2,"minecraft:rotten_flesh":1,"minecraft:spruce_fence":10,"minecraft:diamond_sword":2,"minecraft:filled_map":1,"minecraft:gunpowder":1,"minecraft:spruce_planks":8,"minecraft:iron_chestplate":1,"minecraft:redstone_torch":1,"minecraft:spider_eye":48,"minecraft:dark_prismarine":7},"minecraft:killed":{"minecraft:cave_spider":63,"minecraft:spider":120,"minecraft:skeleton":39,"minecraft:pig":4,"minecraft:creeper":1,"minecraft:sheep":5,"minecraft:zombie":6,"minecraft:stray":1,"minecraft:wither_skeleton":145,"minecraft:cow":3},"minecraft:mined":{"minecraft:dark_prismarine":9,"biomesoplenty:watergrass":2,"minecraft:spruce_trapdoor":2,"minecraft:grass_block":44,"minecraft:spruce_fence":9,"minecraft:jungle_planks":1,"minecraft:hay_block":2,"biomesoplenty:jacaranda_log":6,"minecraft:furnace":1,"minecraft:iron_ore":2,"minecraft:stripped_spruce_log":2,"biomesoplenty:webbing":2,"minecraft:stone":115,"minecraft:redstone_wall_torch":1,"biomesoplenty:jacaranda_leaves":2,"minecraft:crafting_table":1,"minecraft:torch":1,"minecraft:dark_oak_wood":6,"minecraft:melon":31,"minecraft:rose_bush":2,"minecraft:tall_grass":3,"minecraft:cobblestone":2,"minecraft:wall_torch":1,"minecraft:cyan_wool":1,"minecraft:coarse_dirt":3,"minecraft:wheat":1,"minecraft:spruce_log":2,"minecraft:birch_leaves":1,"minecraft:grass":9,"minecraft:oak_log":7,"minecraft:coal_ore":18,"minecraft:smooth_quartz":19,"minecraft:gravel":1,"minecraft:cyan_carpet":2,"minecraft:sand":22,"minecraft:dirt":17,"minecraft:mangrove_log":1,"minecraft:cobweb":2,"biomesoplenty:redwood_wood":1,"minecraft:oak_leaves":14},"minecraft:used":{"biomesoplenty:redwood_planks":2,"minecraft:shield":218,"minecraft:iron_sword":250,"minecraft:torch":92,"minecraft:dirt":53,"minecraft:mutton":3,"minecraft:carrot":7,"minecraft:stripped_spruce_log":2,"minecraft:smooth_quartz":2,"minecraft:bow":75,"minecraft:beef":4,"minecraft:oak_sapling":1,"minecraft:furnace":1,"minecraft:egg":2,"minecraft:wheat_seeds":5,"minecraft:stone_pickaxe":100,"minecraft:oak_planks":12,"minecraft:golden_apple":2,"minecraft:glow_berries":16,"minecraft:sand":22,"minecraft:crafting_table":2,"biomesoplenty:jacaranda_planks":2,"minecraft:oak_log":1,"minecraft:dark_prismarine":3,"minecraft:apple":6,"minecraft:bread":111,"minecraft:melon_slice":123,"minecraft:iron_pickaxe":88,"minecraft:stone_axe":87,"minecraft:diamond_sword":2036,"minecraft:cobblestone":129,"minecraft:porkchop":1,"minecraft:cooked_porkchop":6,"minecraft:experience_bottle":56},"minecraft:killed_by":{"minecraft:spider":1,"man:managgresive":1,"midnightlurker:midnight_lurker_unprovoked":1},"minecraft:picked_up":{"minecraft:iron_chestplate":1,"minecraft:coarse_dirt":6,"minecraft:crafting_table":1,"minecraft:diamond_sword":17,"minecraft:enchanted_book":1,"minecraft:shield":1,"minecraft:cornflower":1,"minecraft:music_disc_cat":1,"minecraft:string":172,"minecraft:moss_carpet":1,"minecraft:iron_leggings":3,"minecraft:cyan_carpet":2,"minecraft:spruce_planks":8,"minecraft:beef":4,"minecraft:redstone_torch":1,"minecraft:rose_bush":2,"minecraft:smooth_quartz":18,"biomesoplenty:redwood_wood":1,"minecraft:melon_slice":139,"minecraft:mangrove_log":1,"minecraft:egg":2,"minecraft:iron_boots":1,"minecraft:furnace":1,"minecraft:raw_iron":2,"minecraft:stick":6,"minecraft:torch":23,"minecraft:spruce_stairs":1,"minecraft:amethyst_cluster":4,"minecraft:spruce_fence":11,"minecraft:porkchop":17,"minecraft:carrot":6,"biomesoplenty:redwood_planks":2,"minecraft:arrow":73,"minecraft:rotten_flesh":6,"biomesoplenty:jacaranda_log":6,"minecraft:hay_block":2,"minecraft:glow_berries":12,"minecraft:mutton":4,"minecraft:white_wool":3,"minecraft:cobblestone":170,"minecraft:leather":4,"minecraft:potato":2,"minecraft:filled_map":2,"minecraft:flint":1,"minecraft:oak_log":7,"biomesoplenty:jacaranda_planks":28,"minecraft:gunpowder":1,"minecraft:wither_skeleton_skull":7,"minecraft:dirt":65,"minecraft:paper":8,"man:cassette_1safetyinstructions":2,"minecraft:cooked_mutton":3,"minecraft:bone":232,"minecraft:apple":2,"minecraft:bow":1,"minecraft:wheat_seeds":16,"minecraft:raw_gold":8,"minecraft:stone_pickaxe":4,"minecraft:iron_ingot":1,"minecraft:glass_bottle":1,"minecraft:oak_planks":14,"minecraft:book":3,"minecraft:sand":22,"minecraft:jungle_planks":1,"minecraft:stripped_spruce_log":2,"minecraft:spruce_log":2,"minecraft:spider_eye":59,"minecraft:dark_prismarine":10,"minecraft:stone_axe":3,"minecraft:iron_helmet":1,"minecraft:bread":12,"minecraft:oak_sapling":2,"minecraft:dark_oak_wood":6,"minecraft:coal":68},"minecraft:broken":{"minecraft:iron_boots":1,"minecraft:shield":1,"minecraft:stone_axe":1,"minecraft:iron_sword":1,"minecraft:iron_helmet":2,"minecraft:diamond_sword":4},"minecraft:custom":{"minecraft:mob_kills":392,"minecraft:interact_with_crafting_table":13,"minecraft:open_barrel":1,"minecraft:damage_dealt_resisted":22060,"minecraft:leave_game":8,"minecraft:time_since_death":173579,"minecraft:climb_one_cm":7608,"minecraft:sprint_one_cm":576019,"minecraft:walk_one_cm":1085359,"minecraft:damage_blocked_by_shield":4690,"minecraft:drop":84,"minecraft:play_noteblock":1,"minecraft:talked_to_villager":4,"minecraft:play_time":282133,"minecraft:deaths":5,"minecraft:sneak_time":3511,"minecraft:walk_under_water_one_cm":21757,"minecraft:jump":3951,"minecraft:walk_on_water_one_cm":13226,"minecraft:enchant_item":1,"minecraft:total_world_time":282133,"minecraft:interact_with_furnace":12,"minecraft:interact_with_grindstone":1,"minecraft:sleep_in_bed":3,"minecraft:time_since_rest":153829,"minecraft:damage_taken":10820,"minecraft:damage_absorbed":80,"minecraft:damage_dealt":143254,"minecraft:swim_one_cm":47004,"minecraft:fly_one_cm":606019,"minecraft:open_chest":60,"minecraft:crouch_one_cm":10925,"minecraft:fall_one_cm":93007}},"DataVersion":3465}