{"stats":{"minecraft:killed":{"minecraft:pig":1,"minecraft:spider":3,"minecraft:sheep":6,"minecraft:skeleton":3,"minecraft:zombie":18},"minecraft:broken":{"minecraft:stone_pickaxe":4,"minecraft:iron_pickaxe":1},"minecraft:picked_up":{"minecraft:crafting_table":5,"minecraft:wheat":2,"minecraft:glow_ink_sac":5,"minecraft:andesite":2,"minecraft:potato":35,"minecraft:enchanted_book":1,"minecraft:tuff":10,"minecraft:string":3,"minecraft:lapis_lazuli":92,"minecraft:dirt":16,"minecraft:raw_copper":13,"minecraft:cooked_mutton":2,"minecraft:bone":2,"minecraft:wheat_seeds":14,"minecraft:cobbled_deepslate":226,"minecraft:raw_gold":2,"minecraft:spruce_planks":7,"minecraft:egg":1,"minecraft:furnace":4,"minecraft:stick":12,"minecraft:raw_iron":64,"minecraft:cooked_porkchop":1,"minecraft:sweet_berries":90,"minecraft:torch":40,"minecraft:porkchop":1,"minecraft:spruce_sapling":5,"minecraft:diorite":21,"minecraft:spruce_log":11,"minecraft:redstone":14,"minecraft:pumpkin_seeds":1,"minecraft:arrow":3,"minecraft:rotten_flesh":15,"minecraft:diamond":3,"minecraft:granite":24,"minecraft:bone_meal":2,"minecraft:bread":10,"minecraft:mutton":14,"minecraft:coal":90,"minecraft:white_wool":7,"minecraft:cobblestone":445},"minecraft:crafted":{"minecraft:crafting_table":1,"minecraft:spruce_planks":44,"minecraft:iron_helmet":1,"minecraft:wooden_pickaxe":1,"minecraft:baked_potato":16,"minecraft:iron_sword":1,"minecraft:furnace":2,"minecraft:cooked_mutton":12,"minecraft:air":0,"minecraft:iron_boots":1,"minecraft:iron_chestplate":1,"minecraft:shield":1,"minecraft:iron_axe":1,"minecraft:stick":20,"minecraft:iron_ingot":35,"minecraft:iron_pickaxe":1,"minecraft:stone_pickaxe":4,"minecraft:stone_sword":1,"minecraft:iron_leggings":1,"minecraft:torch":56},"minecraft:killed_by":{"minecraft:player":1},"minecraft:dropped":{"minecraft:bread":5,"minecraft:sweet_berries":3,"minecraft:glow_ink_sac":5,"minecraft:rotten_flesh":11,"minecraft:pumpkin_seeds":1,"minecraft:dirt":1,"minecraft:spruce_planks":7,"minecraft:andesite":2,"minecraft:egg":1,"minecraft:spruce_sapling":4,"minecraft:bone":1},"minecraft:mined":{"minecraft:deepslate_redstone_ore":3,"minecraft:tuff":10,"minecraft:deepslate_diamond_ore":3,"minecraft:sculk_vein":2,"minecraft:crafting_table":5,"minecraft:torch":2,"minecraft:granite":24,"minecraft:grass_block":6,"minecraft:copper_ore":5,"minecraft:cobblestone":2,"minecraft:spruce_leaves":13,"minecraft:lapis_ore":12,"minecraft:deepslate_gold_ore":2,"minecraft:diorite":22,"minecraft:wall_torch":8,"minecraft:furnace":4,"minecraft:iron_ore":56,"minecraft:wheat":11,"minecraft:sweet_berry_bush":15,"minecraft:spruce_log":6,"minecraft:andesite":2,"minecraft:deepslate_lapis_ore":2,"minecraft:deepslate_iron_ore":9,"minecraft:potatoes":6,"minecraft:coal_ore":75,"minecraft:dirt_path":2,"minecraft:dirt":8,"minecraft:stone":447,"minecraft:deepslate":227},"minecraft:used":{"minecraft:wheat_seeds":14,"minecraft:cooked_mutton":4,"minecraft:stone_sword":96,"minecraft:stone_pickaxe":527,"minecraft:baked_potato":5,"minecraft:shield":3,"minecraft:wooden_pickaxe":12,"minecraft:iron_sword":38,"minecraft:rotten_flesh":1,"minecraft:white_wool":1,"minecraft:torch":84,"minecraft:dirt":15,"minecraft:wheat":2,"minecraft:crafting_table":5,"minecraft:granite":12,"minecraft:iron_axe":9,"minecraft:iron_pickaxe":373,"minecraft:bread":13,"minecraft:spruce_sapling":1,"minecraft:cobblestone":142,"minecraft:sweet_berries":106,"minecraft:furnace":5,"minecraft:cooked_porkchop":1,"minecraft:potato":17,"minecraft:cobbled_deepslate":70,"minecraft:bone_meal":2},"minecraft:custom":{"minecraft:interact_with_furnace":47,"minecraft:mob_kills":31,"minecraft:interact_with_crafting_table":20,"minecraft:open_barrel":2,"minecraft:interact_with_loom":2,"minecraft:interact_with_campfire":3,"minecraft:leave_game":1,"minecraft:time_since_death":92352,"minecraft:sleep_in_bed":1,"minecraft:climb_one_cm":615,"minecraft:time_since_rest":63081,"minecraft:sprint_one_cm":328341,"minecraft:damage_taken":2019,"minecraft:walk_one_cm":247223,"minecraft:damage_blocked_by_shield":80,"minecraft:drop":23,"minecraft:damage_dealt":5538,"minecraft:swim_one_cm":18502,"minecraft:talked_to_villager":5,"minecraft:fly_one_cm":237550,"minecraft:player_kills":3,"minecraft:open_chest":27,"minecraft:crouch_one_cm":7255,"minecraft:play_time":101587,"minecraft:deaths":1,"minecraft:sneak_time":2957,"minecraft:walk_under_water_one_cm":10436,"minecraft:jump":1813,"minecraft:interact_with_brewingstand":1,"minecraft:walk_on_water_one_cm":12936,"minecraft:total_world_time":101587,"minecraft:fall_one_cm":59677}},"DataVersion":3465}