{"stats":{"minecraft:picked_up":{"minecraft:cooked_mutton":2,"minecraft:pumpkin_seeds":1,"minecraft:sweet_berries":3,"minecraft:mutton":2,"minecraft:dirt":2},"minecraft:dropped":{"minecraft:dirt":1,"minecraft:pumpkin_seeds":1},"minecraft:mined":{"minecraft:grass_block":1,"minecraft:dirt":1,"minecraft:sweet_berry_bush":1,"minecraft:spruce_leaves":1},"minecraft:used":{"minecraft:cooked_mutton":1,"minecraft:dirt":1,"minecraft:sweet_berries":4},"minecraft:custom":{"minecraft:open_barrel":2,"minecraft:time_since_rest":5587,"minecraft:open_chest":4,"minecraft:interact_with_campfire":2,"minecraft:play_time":5587,"minecraft:sprint_one_cm":31555,"minecraft:interact_with_loom":2,"minecraft:walk_one_cm":15999,"minecraft:damage_taken":70,"minecraft:drop":2,"minecraft:jump":97,"minecraft:damage_dealt":15,"minecraft:leave_game":1,"minecraft:time_since_death":5587,"minecraft:total_world_time":5587,"minecraft:fall_one_cm":3825,"minecraft:fly_one_cm":16923}},"DataVersion":3465}