{"stats":{"minecraft:killed":{"minecraft:sheep":3,"minecraft:cow":3},"minecraft:picked_up":{"securitycraft:sentry":3,"minecraft:leather":4,"minecraft:wheat_seeds":4,"minecraft:porkchop":1,"minecraft:beef":4,"minecraft:oak_log":2,"minecraft:oak_sapling":1,"minecraft:mutton":4,"minecraft:dirt":34,"minecraft:white_wool":3},"minecraft:custom":{"minecraft:time_since_rest":830,"minecraft:crouch_one_cm":740,"minecraft:sprint_one_cm":87308,"minecraft:play_time":53930,"minecraft:deaths":2,"minecraft:damage_taken":865,"minecraft:walk_one_cm":76688,"minecraft:walk_under_water_one_cm":6141,"minecraft:sneak_time":285,"minecraft:mob_kills":6,"minecraft:drop":9,"minecraft:jump":483,"minecraft:damage_dealt":660,"minecraft:leave_game":5,"minecraft:walk_on_water_one_cm":253,"minecraft:time_since_death":793,"minecraft:total_world_time":53930,"minecraft:fall_one_cm":18248,"minecraft:fly_one_cm":255566},"minecraft:dropped":{"minecraft:dirt":1,"minecraft:leather":4,"minecraft:wheat_seeds":1,"minecraft:white_wool":3},"minecraft:mined":{"minecraft:oak_log":2,"minecraft:grass":6,"minecraft:grass_block":31,"minecraft:dirt":3,"minecraft:tall_grass":3,"minecraft:oak_leaves":6},"minecraft:killed_by":{"minecraft:spider":1},"minecraft:used":{"securitycraft:sentry":3,"minecraft:dirt":33,"minecraft:mutton":3,"minecraft:beef":4,"minecraft:oak_sapling":1,"minecraft:porkchop":1}},"DataVersion":3465}