{"stats":{"minecraft:killed":{"minecraft:pig":1,"minecraft:skeleton":1,"minecraft:zombie":1},"minecraft:broken":{"minecraft:stone_pickaxe":2},"minecraft:picked_up":{"minecraft:crafting_table":3,"minecraft:wheat":2,"minecraft:andesite":2,"minecraft:potato":17,"minecraft:enchanted_book":1,"minecraft:dirt":13,"minecraft:raw_copper":10,"minecraft:cooked_mutton":2,"minecraft:wheat_seeds":14,"minecraft:spruce_planks":7,"minecraft:furnace":3,"minecraft:stick":10,"minecraft:raw_iron":13,"minecraft:cooked_porkchop":1,"minecraft:sweet_berries":44,"minecraft:torch":31,"minecraft:porkchop":1,"minecraft:spruce_sapling":3,"minecraft:spruce_log":5,"minecraft:pumpkin_seeds":1,"minecraft:arrow":1,"minecraft:rotten_flesh":2,"minecraft:granite":12,"minecraft:bread":10,"minecraft:mutton":4,"minecraft:coal":42,"minecraft:white_wool":1,"minecraft:cobblestone":227},"minecraft:crafted":{"minecraft:crafting_table":1,"minecraft:spruce_planks":20,"minecraft:wooden_pickaxe":1,"minecraft:baked_potato":4,"minecraft:furnace":2,"minecraft:cooked_mutton":2,"minecraft:air":0,"minecraft:stick":12,"minecraft:iron_ingot":10,"minecraft:stone_pickaxe":4,"minecraft:stone_sword":1,"minecraft:torch":44},"minecraft:killed_by":{"minecraft:player":1},"minecraft:mined":{"minecraft:crafting_table":3,"minecraft:granite":12,"minecraft:grass_block":5,"minecraft:copper_ore":4,"minecraft:cobblestone":2,"minecraft:spruce_leaves":2,"minecraft:wall_torch":1,"minecraft:furnace":3,"minecraft:iron_ore":13,"minecraft:wheat":11,"minecraft:sweet_berry_bush":1,"minecraft:andesite":2,"minecraft:potatoes":1,"minecraft:coal_ore":42,"minecraft:dirt_path":2,"minecraft:dirt":6,"minecraft:stone":229},"minecraft:dropped":{"minecraft:bread":5,"minecraft:sweet_berries":3,"minecraft:rotten_flesh":2,"minecraft:pumpkin_seeds":1,"minecraft:dirt":1,"minecraft:spruce_planks":7,"minecraft:andesite":2,"minecraft:spruce_sapling":3},"minecraft:used":{"minecraft:cooked_mutton":2,"minecraft:stone_sword":23,"minecraft:stone_pickaxe":296,"minecraft:wooden_pickaxe":12,"minecraft:white_wool":1,"minecraft:torch":42,"minecraft:dirt":12,"minecraft:crafting_table":3,"minecraft:bread":3,"minecraft:cobblestone":6,"minecraft:sweet_berries":48,"minecraft:furnace":3,"minecraft:potato":12},"minecraft:custom":{"minecraft:interact_with_furnace":13,"minecraft:mob_kills":3,"minecraft:interact_with_crafting_table":9,"minecraft:open_barrel":2,"minecraft:interact_with_loom":2,"minecraft:interact_with_campfire":3,"minecraft:leave_game":1,"minecraft:time_since_death":32352,"minecraft:sleep_in_bed":1,"minecraft:time_since_rest":3081,"minecraft:sprint_one_cm":130318,"minecraft:damage_taken":922,"minecraft:walk_one_cm":106750,"minecraft:drop":12,"minecraft:damage_dealt":987,"minecraft:swim_one_cm":15684,"minecraft:talked_to_villager":2,"minecraft:fly_one_cm":96628,"minecraft:player_kills":3,"minecraft:open_chest":8,"minecraft:crouch_one_cm":351,"minecraft:play_time":41587,"minecraft:deaths":1,"minecraft:sneak_time":272,"minecraft:walk_under_water_one_cm":9007,"minecraft:jump":727,"minecraft:walk_on_water_one_cm":6081,"minecraft:total_world_time":41587,"minecraft:fall_one_cm":25964}},"DataVersion":3465}