{"stats":{"minecraft:killed":{"minecraft:spider":5,"minecraft:skeleton":11,"minecraft:pig":1,"minecraft:zombie_villager":1,"minecraft:sheep":6,"minecraft:pillager":3,"minecraft:zombie":23,"minecraft:cow":3},"minecraft:broken":{"minecraft:stone_pickaxe":4,"minecraft:iron_pickaxe":2},"minecraft:picked_up":{"minecraft:crafting_table":6,"minecraft:wheat":2,"minecraft:enchanted_book":1,"minecraft:string":6,"minecraft:raw_copper":13,"minecraft:cobbled_deepslate":468,"minecraft:spruce_planks":7,"minecraft:beef":5,"minecraft:furnace":5,"minecraft:egg":1,"minecraft:raw_iron":79,"minecraft:stick":14,"minecraft:torch":42,"minecraft:porkchop":1,"minecraft:diorite":21,"minecraft:redstone":24,"minecraft:arrow":10,"minecraft:rotten_flesh":23,"minecraft:saddle":1,"minecraft:mutton":14,"minecraft:white_wool":7,"minecraft:cobblestone":501,"minecraft:glow_ink_sac":5,"minecraft:andesite":6,"minecraft:leather":6,"minecraft:potato":60,"minecraft:flint":1,"minecraft:tuff":62,"minecraft:dirt":44,"minecraft:lapis_lazuli":125,"minecraft:white_banner":3,"minecraft:cooked_mutton":2,"minecraft:bone":11,"minecraft:wheat_seeds":14,"minecraft:raw_gold":2,"minecraft:cooked_porkchop":1,"minecraft:sweet_berries":90,"minecraft:gravel":2,"minecraft:spruce_sapling":6,"minecraft:spruce_log":11,"minecraft:spider_eye":2,"minecraft:pumpkin_seeds":1,"minecraft:diamond":5,"minecraft:granite":24,"minecraft:bone_meal":2,"minecraft:bread":10,"minecraft:emerald":2,"minecraft:coal":121},"minecraft:crafted":{"minecraft:furnace":2,"minecraft:cooked_mutton":12,"minecraft:iron_boots":1,"minecraft:iron_axe":1,"minecraft:stone_pickaxe":4,"minecraft:cooked_beef":5,"minecraft:crafting_table":1,"minecraft:spruce_planks":44,"minecraft:wooden_pickaxe":1,"minecraft:baked_potato":72,"minecraft:iron_helmet":1,"minecraft:iron_sword":1,"minecraft:air":0,"minecraft:iron_chestplate":1,"minecraft:diamond_pickaxe":1,"minecraft:shield":1,"minecraft:stick":32,"minecraft:iron_ingot":64,"minecraft:iron_pickaxe":2,"minecraft:stone_sword":1,"minecraft:iron_leggings":1,"minecraft:torch":96},"minecraft:killed_by":{"minecraft:player":1},"minecraft:mined":{"minecraft:tuff":64,"minecraft:deepslate_diamond_ore":5,"minecraft:sculk_vein":2,"minecraft:granite":24,"minecraft:grass_block":26,"minecraft:spruce_leaves":13,"minecraft:furnace":5,"minecraft:iron_ore":56,"minecraft:cobbled_deepslate":1,"minecraft:andesite":6,"minecraft:deepslate_lapis_ore":7,"minecraft:potatoes":13,"minecraft:dirt_path":3,"minecraft:deepslate_iron_ore":9,"minecraft:stone":503,"minecraft:deepslate_redstone_ore":5,"minecraft:crafting_table":6,"minecraft:torch":2,"minecraft:emerald_ore":2,"minecraft:copper_ore":5,"minecraft:cobblestone":2,"minecraft:deepslate_gold_ore":2,"minecraft:lapis_ore":12,"minecraft:diorite":22,"minecraft:wall_torch":10,"minecraft:sweet_berry_bush":15,"minecraft:wheat":11,"minecraft:spruce_log":6,"minecraft:grass":1,"minecraft:coal_ore":75,"minecraft:gravel":2,"minecraft:dirt":15,"minecraft:deepslate":468,"minecraft:fern":1},"minecraft:dropped":{"minecraft:bread":5,"minecraft:glow_ink_sac":5,"minecraft:flint":1,"minecraft:dirt":1,"minecraft:diorite":21,"minecraft:string":17,"minecraft:spruce_sapling":4,"minecraft:bone":1,"minecraft:sweet_berries":3,"minecraft:cobbled_deepslate":298,"minecraft:tuff":62,"minecraft:rotten_flesh":21,"minecraft:pumpkin_seeds":1,"minecraft:spruce_planks":7,"minecraft:andesite":2,"minecraft:spider_eye":2,"minecraft:egg":1},"minecraft:used":{"minecraft:stone_sword":96,"minecraft:shield":14,"minecraft:iron_sword":120,"minecraft:rotten_flesh":1,"minecraft:torch":120,"minecraft:dirt":43,"minecraft:wheat":2,"minecraft:granite":12,"minecraft:iron_axe":10,"minecraft:sweet_berries":106,"minecraft:furnace":7,"minecraft:potato":24,"minecraft:cobbled_deepslate":170,"minecraft:wheat_seeds":14,"minecraft:cooked_mutton":13,"minecraft:stone_pickaxe":527,"minecraft:baked_potato":5,"minecraft:wooden_pickaxe":12,"minecraft:white_wool":1,"minecraft:crafting_table":7,"minecraft:bread":31,"minecraft:iron_pickaxe":745,"minecraft:spruce_sapling":1,"minecraft:gravel":2,"minecraft:cobblestone":214,"minecraft:cooked_porkchop":1,"minecraft:andesite":4,"minecraft:bone_meal":2},"minecraft:custom":{"minecraft:mob_kills":55,"minecraft:interact_with_crafting_table":22,"minecraft:open_barrel":2,"minecraft:interact_with_campfire":3,"minecraft:leave_game":1,"minecraft:time_since_death":146352,"minecraft:climb_one_cm":615,"minecraft:sprint_one_cm":583417,"minecraft:walk_one_cm":369566,"minecraft:damage_blocked_by_shield":465,"minecraft:drop":36,"minecraft:talked_to_villager":13,"minecraft:raid_win":1,"minecraft:play_time":155587,"minecraft:deaths":1,"minecraft:sneak_time":3636,"minecraft:walk_under_water_one_cm":13557,"minecraft:jump":3421,"minecraft:interact_with_brewingstand":1,"minecraft:walk_on_water_one_cm":20848,"minecraft:total_world_time":155587,"minecraft:interact_with_furnace":70,"minecraft:interact_with_loom":2,"minecraft:raid_trigger":1,"minecraft:sleep_in_bed":2,"minecraft:time_since_rest":13962,"minecraft:damage_taken":3037,"minecraft:damage_dealt":10034,"minecraft:player_kills":3,"minecraft:fly_one_cm":477544,"minecraft:swim_one_cm":39786,"minecraft:open_chest":38,"minecraft:crouch_one_cm":8643,"minecraft:fall_one_cm":105154}},"DataVersion":3465}