{"stats":{"minecraft:killed":{"minecraft:skeleton":1},"minecraft:picked_up":{"minecraft:stick":10,"minecraft:crafting_table":1,"minecraft:sweet_berries":42,"minecraft:potato":13,"minecraft:spruce_sapling":3,"minecraft:spruce_log":5,"minecraft:dirt":10,"minecraft:cooked_mutton":2,"minecraft:pumpkin_seeds":1,"minecraft:arrow":1,"minecraft:bread":10,"minecraft:mutton":4,"minecraft:coal":7,"minecraft:white_wool":1,"minecraft:cobblestone":42,"minecraft:furnace":1},"minecraft:crafted":{"minecraft:crafting_table":1,"minecraft:spruce_planks":16,"minecraft:wooden_pickaxe":1,"minecraft:stone_pickaxe":1,"minecraft:stone_sword":1,"minecraft:furnace":1,"minecraft:torch":12},"minecraft:killed_by":{"minecraft:player":1},"minecraft:mined":{"minecraft:furnace":1,"minecraft:sweet_berry_bush":1,"minecraft:crafting_table":1,"minecraft:coal_ore":7,"minecraft:grass_block":5,"minecraft:dirt_path":1,"minecraft:dirt":4,"minecraft:spruce_leaves":2,"minecraft:stone":42},"minecraft:dropped":{"minecraft:dirt":1,"minecraft:sweet_berries":3,"minecraft:pumpkin_seeds":1,"minecraft:spruce_sapling":3},"minecraft:used":{"minecraft:cooked_mutton":2,"minecraft:stone_sword":4,"minecraft:stone_pickaxe":38,"minecraft:wooden_pickaxe":12,"minecraft:white_wool":1,"minecraft:dirt":5,"minecraft:sweet_berries":27,"minecraft:crafting_table":1,"minecraft:furnace":1},"minecraft:custom":{"minecraft:time_since_rest":8377,"minecraft:sprint_one_cm":82179,"minecraft:damage_taken":647,"minecraft:walk_one_cm":50198,"minecraft:mob_kills":1,"minecraft:drop":7,"minecraft:damage_dealt":637,"minecraft:swim_one_cm":1095,"minecraft:talked_to_villager":2,"minecraft:interact_with_crafting_table":4,"minecraft:fly_one_cm":55228,"minecraft:player_kills":3,"minecraft:open_barrel":2,"minecraft:open_chest":6,"minecraft:crouch_one_cm":249,"minecraft:interact_with_loom":2,"minecraft:play_time":17587,"minecraft:deaths":1,"minecraft:interact_with_campfire":2,"minecraft:sneak_time":83,"minecraft:walk_under_water_one_cm":161,"minecraft:jump":384,"minecraft:leave_game":1,"minecraft:walk_on_water_one_cm":175,"minecraft:time_since_death":8352,"minecraft:total_world_time":17587,"minecraft:fall_one_cm":17023}},"DataVersion":3465}