{"stats":{"minecraft:killed":{"minecraft:pig":1,"minecraft:zombie_villager":1,"minecraft:spider":5,"minecraft:sheep":6,"minecraft:skeleton":8,"minecraft:zombie":22},"minecraft:broken":{"minecraft:stone_pickaxe":4,"minecraft:iron_pickaxe":2},"minecraft:picked_up":{"minecraft:crafting_table":6,"minecraft:wheat":2,"minecraft:glow_ink_sac":5,"minecraft:andesite":5,"minecraft:potato":35,"minecraft:enchanted_book":1,"minecraft:flint":1,"minecraft:tuff":62,"minecraft:string":6,"minecraft:lapis_lazuli":125,"minecraft:dirt":18,"minecraft:raw_copper":13,"minecraft:cooked_mutton":2,"minecraft:bone":9,"minecraft:wheat_seeds":14,"minecraft:cobbled_deepslate":468,"minecraft:raw_gold":2,"minecraft:spruce_planks":7,"minecraft:egg":1,"minecraft:furnace":5,"minecraft:stick":12,"minecraft:raw_iron":79,"minecraft:cooked_porkchop":1,"minecraft:sweet_berries":90,"minecraft:gravel":2,"minecraft:torch":42,"minecraft:porkchop":1,"minecraft:spruce_sapling":5,"minecraft:diorite":21,"minecraft:spruce_log":11,"minecraft:spider_eye":2,"minecraft:redstone":24,"minecraft:pumpkin_seeds":1,"minecraft:arrow":8,"minecraft:rotten_flesh":23,"minecraft:diamond":5,"minecraft:granite":24,"minecraft:bone_meal":2,"minecraft:bread":10,"minecraft:mutton":14,"minecraft:coal":121,"minecraft:white_wool":7,"minecraft:cobblestone":479},"minecraft:crafted":{"minecraft:crafting_table":1,"minecraft:spruce_planks":44,"minecraft:iron_helmet":1,"minecraft:wooden_pickaxe":1,"minecraft:baked_potato":16,"minecraft:iron_sword":1,"minecraft:furnace":2,"minecraft:cooked_mutton":12,"minecraft:air":0,"minecraft:diamond_pickaxe":1,"minecraft:iron_boots":1,"minecraft:iron_chestplate":1,"minecraft:shield":1,"minecraft:iron_axe":1,"minecraft:stick":32,"minecraft:iron_ingot":49,"minecraft:iron_pickaxe":2,"minecraft:stone_pickaxe":4,"minecraft:stone_sword":1,"minecraft:iron_leggings":1,"minecraft:torch":96},"minecraft:killed_by":{"minecraft:player":1},"minecraft:dropped":{"minecraft:bread":5,"minecraft:sweet_berries":3,"minecraft:glow_ink_sac":5,"minecraft:rotten_flesh":21,"minecraft:pumpkin_seeds":1,"minecraft:flint":1,"minecraft:dirt":1,"minecraft:spruce_planks":7,"minecraft:andesite":2,"minecraft:egg":1,"minecraft:spruce_sapling":4,"minecraft:bone":1},"minecraft:mined":{"minecraft:deepslate_redstone_ore":5,"minecraft:tuff":64,"minecraft:deepslate_diamond_ore":5,"minecraft:sculk_vein":2,"minecraft:crafting_table":6,"minecraft:torch":2,"minecraft:granite":24,"minecraft:grass_block":6,"minecraft:copper_ore":5,"minecraft:cobblestone":2,"minecraft:spruce_leaves":13,"minecraft:lapis_ore":12,"minecraft:deepslate_gold_ore":2,"minecraft:diorite":22,"minecraft:wall_torch":10,"minecraft:furnace":5,"minecraft:cobbled_deepslate":1,"minecraft:iron_ore":56,"minecraft:wheat":11,"minecraft:sweet_berry_bush":15,"minecraft:spruce_log":6,"minecraft:andesite":6,"minecraft:deepslate_lapis_ore":7,"minecraft:deepslate_iron_ore":9,"minecraft:potatoes":6,"minecraft:coal_ore":75,"minecraft:dirt_path":2,"minecraft:gravel":2,"minecraft:dirt":10,"minecraft:stone":481,"minecraft:deepslate":468},"minecraft:used":{"minecraft:wheat_seeds":14,"minecraft:cooked_mutton":4,"minecraft:stone_sword":96,"minecraft:stone_pickaxe":527,"minecraft:baked_potato":5,"minecraft:shield":6,"minecraft:wooden_pickaxe":12,"minecraft:iron_sword":78,"minecraft:rotten_flesh":1,"minecraft:white_wool":1,"minecraft:torch":120,"minecraft:dirt":15,"minecraft:wheat":2,"minecraft:crafting_table":6,"minecraft:granite":12,"minecraft:iron_axe":10,"minecraft:iron_pickaxe":720,"minecraft:bread":25,"minecraft:gravel":2,"minecraft:spruce_sapling":1,"minecraft:cobblestone":175,"minecraft:sweet_berries":106,"minecraft:furnace":6,"minecraft:cooked_porkchop":1,"minecraft:potato":17,"minecraft:cobbled_deepslate":156,"minecraft:bone_meal":2},"minecraft:custom":{"minecraft:interact_with_furnace":50,"minecraft:mob_kills":44,"minecraft:interact_with_crafting_table":22,"minecraft:open_barrel":2,"minecraft:interact_with_loom":2,"minecraft:interact_with_campfire":3,"minecraft:leave_game":1,"minecraft:time_since_death":116352,"minecraft:sleep_in_bed":1,"minecraft:climb_one_cm":615,"minecraft:time_since_rest":87081,"minecraft:sprint_one_cm":406253,"minecraft:damage_taken":2440,"minecraft:walk_one_cm":305711,"minecraft:damage_blocked_by_shield":230,"minecraft:drop":27,"minecraft:damage_dealt":7840,"minecraft:swim_one_cm":26074,"minecraft:talked_to_villager":5,"minecraft:fly_one_cm":298047,"minecraft:player_kills":3,"minecraft:open_chest":28,"minecraft:crouch_one_cm":8637,"minecraft:play_time":125587,"minecraft:deaths":1,"minecraft:sneak_time":3602,"minecraft:walk_under_water_one_cm":12140,"minecraft:jump":2385,"minecraft:interact_with_brewingstand":1,"minecraft:walk_on_water_one_cm":18240,"minecraft:total_world_time":125587,"minecraft:fall_one_cm":68479}},"DataVersion":3465}