{"stats":{"minecraft:killed":{"minecraft:zombie":1,"minecraft:cow":2},"minecraft:picked_up":{"minecraft:stick":10,"minecraft:crafting_table":2,"minecraft:pumpkin":2,"minecraft:sweet_berries":5,"minecraft:leather":3,"minecraft:brown_mushroom":2,"minecraft:potato":15,"minecraft:spruce_sapling":8,"minecraft:spruce_log":37,"minecraft:dirt":1,"minecraft:pumpkin_seeds":8,"minecraft:rotten_flesh":2,"minecraft:wheat_seeds":1,"minecraft:spruce_planks":1,"minecraft:beef":3,"minecraft:bread":10,"minecraft:cobblestone":21},"minecraft:crafted":{"minecraft:wooden_sword":1,"minecraft:crafting_table":1,"minecraft:spruce_planks":68,"minecraft:stick":8,"minecraft:wooden_pickaxe":1,"minecraft:stone_pickaxe":1,"minecraft:wooden_axe":1,"minecraft:pumpkin_seeds":8},"minecraft:killed_by":{"minecraft:iron_golem":1,"minecraft:player":2},"minecraft:dropped":{"minecraft:pumpkin_seeds":8},"minecraft:mined":{"minecraft:spruce_planks":1,"minecraft:brown_mushroom":1,"minecraft:spruce_log":33,"minecraft:pumpkin":2,"minecraft:crafting_table":2,"minecraft:dirt":1,"minecraft:spruce_leaves":7,"minecraft:stone":21},"minecraft:used":{"minecraft:wooden_axe":36,"minecraft:stone_pickaxe":11,"minecraft:wooden_pickaxe":10,"minecraft:wooden_sword":14,"minecraft:sweet_berries":1,"minecraft:crafting_table":2,"minecraft:potato":2},"minecraft:custom":{"minecraft:time_since_rest":2996,"minecraft:sprint_one_cm":76870,"minecraft:damage_taken":1067,"minecraft:walk_one_cm":17483,"minecraft:mob_kills":3,"minecraft:drop":1,"minecraft:damage_dealt":747,"minecraft:talked_to_villager":1,"minecraft:interact_with_crafting_table":3,"minecraft:fly_one_cm":25689,"minecraft:player_kills":1,"minecraft:open_chest":1,"minecraft:crouch_one_cm":3751,"minecraft:play_time":12695,"minecraft:deaths":4,"minecraft:sneak_time":1494,"minecraft:jump":162,"minecraft:walk_on_water_one_cm":472,"minecraft:time_since_death":7575,"minecraft:sleep_in_bed":1,"minecraft:total_world_time":12695,"minecraft:fall_one_cm":12430}},"DataVersion":3465}