{"stats":{"minecraft:killed":{"minecraft:zombie":1,"minecraft:cow":2},"minecraft:broken":{"minecraft:stone_pickaxe":1},"minecraft:picked_up":{"minecraft:stick":10,"minecraft:crafting_table":4,"minecraft:pumpkin":2,"minecraft:sweet_berries":11,"minecraft:leather":3,"minecraft:brown_mushroom":2,"minecraft:torch":4,"minecraft:potato":15,"minecraft:spruce_sapling":8,"minecraft:spruce_log":41,"minecraft:dirt":3,"minecraft:pumpkin_seeds":8,"minecraft:rotten_flesh":2,"minecraft:wheat_seeds":1,"minecraft:spruce_planks":1,"minecraft:beef":3,"minecraft:granite":2,"minecraft:bread":10,"minecraft:cobblestone":193,"minecraft:furnace":2},"minecraft:crafted":{"minecraft:cooked_beef":3,"minecraft:wooden_sword":1,"minecraft:charcoal":9,"minecraft:crafting_table":1,"minecraft:spruce_planks":100,"minecraft:stick":32,"minecraft:wooden_pickaxe":1,"minecraft:stone_pickaxe":3,"minecraft:wooden_axe":1,"minecraft:stone_sword":1,"minecraft:furnace":1,"minecraft:torch":4,"minecraft:pumpkin_seeds":8,"minecraft:air":0},"minecraft:killed_by":{"minecraft:iron_golem":1,"minecraft:player":2},"minecraft:dropped":{"minecraft:wooden_sword":1,"minecraft:pumpkin_seeds":8},"minecraft:mined":{"minecraft:spruce_planks":1,"minecraft:brown_mushroom":1,"minecraft:furnace":2,"minecraft:spruce_log":37,"minecraft:pumpkin":2,"minecraft:torch":1,"minecraft:crafting_table":4,"minecraft:granite":2,"minecraft:grass_block":1,"minecraft:dirt":2,"minecraft:spruce_leaves":7,"minecraft:stone":193,"minecraft:wall_torch":3},"minecraft:used":{"minecraft:wooden_axe":41,"minecraft:stone_sword":7,"minecraft:stone_pickaxe":174,"minecraft:wooden_pickaxe":23,"minecraft:torch":4,"minecraft:wooden_sword":14,"minecraft:sweet_berries":1,"minecraft:crafting_table":4,"minecraft:furnace":2,"minecraft:cooked_beef":2,"minecraft:potato":2,"minecraft:spruce_log":3},"minecraft:custom":{"minecraft:time_since_rest":14996,"minecraft:interact_with_furnace":5,"minecraft:sprint_one_cm":112091,"minecraft:damage_taken":1142,"minecraft:walk_one_cm":36071,"minecraft:mob_kills":3,"minecraft:drop":2,"minecraft:damage_dealt":976,"minecraft:talked_to_villager":1,"minecraft:interact_with_crafting_table":6,"minecraft:fly_one_cm":33081,"minecraft:player_kills":1,"minecraft:open_chest":3,"minecraft:crouch_one_cm":6799,"minecraft:play_time":24695,"minecraft:deaths":4,"minecraft:sneak_time":2581,"minecraft:jump":299,"minecraft:walk_on_water_one_cm":472,"minecraft:time_since_death":19575,"minecraft:sleep_in_bed":1,"minecraft:total_world_time":24695,"minecraft:fall_one_cm":13776}},"DataVersion":3465}