{"stats":{"minecraft:killed":{"minecraft:iron_golem":1,"minecraft:zombie":5,"minecraft:cow":2},"minecraft:broken":{"minecraft:stone_pickaxe":3},"minecraft:picked_up":{"minecraft:crafting_table":5,"minecraft:andesite":24,"minecraft:leather":3,"minecraft:brown_mushroom":2,"minecraft:potato":15,"minecraft:enchanted_book":2,"minecraft:lapis_lazuli":34,"minecraft:music_disc_cat":1,"minecraft:dirt":60,"minecraft:raw_copper":33,"minecraft:iron_shovel":1,"minecraft:bone":1,"minecraft:wheat_seeds":1,"minecraft:spruce_planks":1,"minecraft:beef":3,"minecraft:iron_ingot":3,"minecraft:stone_pickaxe":1,"minecraft:chest":2,"minecraft:furnace":3,"minecraft:stick":10,"minecraft:raw_iron":19,"minecraft:pumpkin":2,"minecraft:sweet_berries":26,"minecraft:torch":11,"minecraft:spruce_sapling":8,"minecraft:pointed_dripstone":1,"minecraft:diorite":5,"minecraft:spruce_log":43,"minecraft:redstone":2,"minecraft:iron_hoe":1,"minecraft:pumpkin_seeds":13,"minecraft:rotten_flesh":8,"minecraft:granite":3,"minecraft:bone_meal":3,"minecraft:bread":10,"minecraft:coal":62,"minecraft:cobblestone":422},"minecraft:crafted":{"minecraft:cooked_beef":3,"minecraft:wooden_sword":1,"minecraft:crafting_table":3,"minecraft:spruce_planks":104,"minecraft:wooden_pickaxe":1,"minecraft:furnace":1,"minecraft:bone_meal":3,"minecraft:bucket":1,"minecraft:pumpkin_seeds":8,"minecraft:air":0,"minecraft:iron_boots":1,"minecraft:iron_chestplate":1,"minecraft:charcoal":9,"minecraft:stick":36,"minecraft:iron_ingot":19,"minecraft:iron_pickaxe":1,"minecraft:stone_pickaxe":5,"minecraft:wooden_axe":1,"minecraft:stone_sword":1,"minecraft:iron_shovel":1,"minecraft:torch":28},"minecraft:killed_by":{"minecraft:player":2,"minecraft:iron_golem":1},"minecraft:mined":{"minecraft:spruce_planks":1,"minecraft:brown_mushroom":1,"minecraft:crafting_table":5,"minecraft:torch":5,"minecraft:granite":3,"minecraft:grass_block":55,"minecraft:copper_ore":10,"minecraft:spruce_leaves":7,"minecraft:lapis_ore":5,"minecraft:diorite":5,"minecraft:wall_torch":6,"minecraft:furnace":3,"minecraft:iron_ore":19,"minecraft:sweet_berry_bush":11,"minecraft:spruce_log":39,"minecraft:andesite":24,"minecraft:pumpkin":2,"minecraft:pointed_dripstone":1,"minecraft:coal_ore":59,"minecraft:dirt_path":3,"minecraft:dirt":2,"minecraft:stone":403},"minecraft:dropped":{"minecraft:enchanted_book":2,"minecraft:iron_ingot":2,"minecraft:cobblestone":19,"minecraft:pumpkin_seeds":10,"minecraft:wooden_sword":1,"minecraft:stone_pickaxe":1},"minecraft:used":{"minecraft:water_bucket":2,"minecraft:stone_sword":50,"minecraft:iron_shovel":56,"minecraft:stone_pickaxe":512,"minecraft:chest":2,"minecraft:wooden_pickaxe":23,"minecraft:torch":26,"minecraft:crafting_table":7,"minecraft:spruce_log":3,"minecraft:iron_hoe":1,"minecraft:wooden_axe":41,"minecraft:bread":9,"minecraft:wooden_sword":14,"minecraft:sweet_berries":8,"minecraft:furnace":3,"minecraft:bucket":3,"minecraft:potato":2,"minecraft:cooked_beef":3,"minecraft:pointed_dripstone":1},"minecraft:custom":{"minecraft:interact_with_furnace":11,"minecraft:mob_kills":9,"minecraft:interact_with_crafting_table":13,"minecraft:time_since_death":55575,"minecraft:sleep_in_bed":2,"minecraft:time_since_rest":27513,"minecraft:sprint_one_cm":296789,"minecraft:damage_taken":1412,"minecraft:walk_one_cm":118771,"minecraft:drop":8,"minecraft:damage_dealt":2495,"minecraft:talked_to_villager":1,"minecraft:fly_one_cm":77682,"minecraft:player_kills":1,"minecraft:open_chest":17,"minecraft:crouch_one_cm":14613,"minecraft:play_time":60695,"minecraft:deaths":4,"minecraft:sneak_time":5635,"minecraft:walk_under_water_one_cm":769,"minecraft:jump":820,"minecraft:walk_on_water_one_cm":926,"minecraft:total_world_time":60695,"minecraft:fall_one_cm":22842}},"DataVersion":3465}