{"stats":{"minecraft:killed":{"minecraft:iron_golem":1,"minecraft:zombie":5,"minecraft:cow":2},"minecraft:broken":{"minecraft:stone_pickaxe":3},"minecraft:picked_up":{"minecraft:crafting_table":5,"minecraft:andesite":24,"minecraft:leather":3,"minecraft:brown_mushroom":2,"minecraft:potato":15,"minecraft:enchanted_book":2,"minecraft:lapis_lazuli":34,"minecraft:music_disc_cat":1,"minecraft:dirt":5,"minecraft:raw_copper":33,"minecraft:iron_shovel":1,"minecraft:bone":1,"minecraft:wheat_seeds":1,"minecraft:spruce_planks":1,"minecraft:beef":3,"minecraft:iron_ingot":3,"minecraft:stone_pickaxe":1,"minecraft:chest":2,"minecraft:furnace":2,"minecraft:stick":10,"minecraft:raw_iron":12,"minecraft:pumpkin":2,"minecraft:sweet_berries":26,"minecraft:torch":5,"minecraft:spruce_sapling":8,"minecraft:pointed_dripstone":1,"minecraft:diorite":5,"minecraft:spruce_log":43,"minecraft:redstone":2,"minecraft:iron_hoe":1,"minecraft:pumpkin_seeds":13,"minecraft:rotten_flesh":8,"minecraft:granite":3,"minecraft:bone_meal":3,"minecraft:bread":10,"minecraft:coal":46,"minecraft:cobblestone":350},"minecraft:crafted":{"minecraft:cooked_beef":3,"minecraft:wooden_sword":1,"minecraft:crafting_table":3,"minecraft:spruce_planks":104,"minecraft:wooden_pickaxe":1,"minecraft:furnace":1,"minecraft:pumpkin_seeds":8,"minecraft:air":0,"minecraft:charcoal":9,"minecraft:stick":36,"minecraft:stone_pickaxe":5,"minecraft:wooden_axe":1,"minecraft:stone_sword":1,"minecraft:iron_shovel":1,"minecraft:torch":28},"minecraft:killed_by":{"minecraft:player":2,"minecraft:iron_golem":1},"minecraft:mined":{"minecraft:spruce_planks":1,"minecraft:brown_mushroom":1,"minecraft:crafting_table":5,"minecraft:torch":1,"minecraft:granite":3,"minecraft:grass_block":3,"minecraft:copper_ore":10,"minecraft:spruce_leaves":7,"minecraft:lapis_ore":5,"minecraft:diorite":5,"minecraft:wall_torch":4,"minecraft:furnace":2,"minecraft:iron_ore":12,"minecraft:sweet_berry_bush":11,"minecraft:spruce_log":39,"minecraft:andesite":24,"minecraft:pumpkin":2,"minecraft:pointed_dripstone":1,"minecraft:coal_ore":46,"minecraft:dirt":2,"minecraft:stone":332},"minecraft:dropped":{"minecraft:enchanted_book":2,"minecraft:iron_ingot":2,"minecraft:cobblestone":19,"minecraft:pumpkin_seeds":10,"minecraft:wooden_sword":1,"minecraft:stone_pickaxe":1},"minecraft:used":{"minecraft:stone_sword":47,"minecraft:iron_shovel":2,"minecraft:stone_pickaxe":418,"minecraft:chest":2,"minecraft:wooden_pickaxe":23,"minecraft:torch":20,"minecraft:crafting_table":7,"minecraft:spruce_log":3,"minecraft:iron_hoe":1,"minecraft:wooden_axe":41,"minecraft:bread":5,"minecraft:wooden_sword":14,"minecraft:sweet_berries":8,"minecraft:furnace":3,"minecraft:potato":2,"minecraft:cooked_beef":3},"minecraft:custom":{"minecraft:interact_with_furnace":5,"minecraft:mob_kills":9,"minecraft:interact_with_crafting_table":9,"minecraft:time_since_death":43575,"minecraft:sleep_in_bed":2,"minecraft:time_since_rest":15513,"minecraft:sprint_one_cm":222796,"minecraft:damage_taken":1412,"minecraft:walk_one_cm":103388,"minecraft:drop":8,"minecraft:damage_dealt":2495,"minecraft:talked_to_villager":1,"minecraft:fly_one_cm":57027,"minecraft:player_kills":1,"minecraft:open_chest":13,"minecraft:crouch_one_cm":9138,"minecraft:play_time":48695,"minecraft:deaths":4,"minecraft:sneak_time":4132,"minecraft:walk_under_water_one_cm":262,"minecraft:jump":571,"minecraft:walk_on_water_one_cm":550,"minecraft:total_world_time":48695,"minecraft:fall_one_cm":20513}},"DataVersion":3465}