{"stats":{"minecraft:killed":{"minecraft:iron_golem":1,"minecraft:zombie":5,"minecraft:cow":2},"minecraft:broken":{"minecraft:stone_pickaxe":5},"minecraft:picked_up":{"minecraft:wheat":2,"minecraft:crafting_table":6,"minecraft:andesite":24,"minecraft:leather":3,"minecraft:brown_mushroom":2,"minecraft:potato":15,"minecraft:enchanted_book":2,"minecraft:lapis_lazuli":34,"minecraft:music_disc_cat":1,"minecraft:dirt":65,"minecraft:raw_copper":33,"minecraft:iron_shovel":1,"minecraft:bone":1,"minecraft:wheat_seeds":7,"minecraft:spruce_planks":1,"minecraft:beef":3,"minecraft:iron_ingot":3,"minecraft:stone_pickaxe":1,"minecraft:melon_slice":7,"minecraft:chest":2,"minecraft:furnace":3,"minecraft:stick":10,"minecraft:raw_iron":19,"minecraft:pumpkin":2,"minecraft:sweet_berries":32,"minecraft:torch":15,"minecraft:spruce_sapling":8,"minecraft:pointed_dripstone":2,"minecraft:diorite":5,"minecraft:spruce_log":43,"minecraft:redstone":2,"minecraft:iron_hoe":1,"minecraft:pumpkin_seeds":13,"minecraft:rotten_flesh":8,"minecraft:granite":3,"minecraft:bone_meal":3,"minecraft:bread":10,"minecraft:coal":96,"minecraft:cobblestone":626},"minecraft:crafted":{"minecraft:cooked_beef":3,"minecraft:wooden_sword":1,"minecraft:crafting_table":3,"minecraft:spruce_planks":104,"minecraft:wooden_pickaxe":1,"minecraft:spruce_door":3,"minecraft:furnace":2,"minecraft:bone_meal":3,"minecraft:bucket":1,"minecraft:pumpkin_seeds":8,"minecraft:air":0,"minecraft:iron_boots":1,"minecraft:iron_chestplate":1,"minecraft:charcoal":9,"minecraft:stick":36,"minecraft:iron_ingot":19,"minecraft:iron_pickaxe":1,"minecraft:stone_pickaxe":5,"minecraft:wooden_axe":1,"minecraft:stone_sword":1,"minecraft:iron_shovel":1,"minecraft:torch":28},"minecraft:killed_by":{"minecraft:player":2,"minecraft:iron_golem":1},"minecraft:mined":{"minecraft:spruce_planks":1,"minecraft:brown_mushroom":1,"minecraft:crafting_table":6,"minecraft:torch":6,"minecraft:granite":3,"minecraft:melon":2,"minecraft:grass_block":56,"minecraft:copper_ore":10,"minecraft:spruce_leaves":7,"minecraft:lapis_ore":5,"minecraft:diorite":5,"minecraft:wall_torch":8,"minecraft:furnace":3,"minecraft:wheat":2,"minecraft:iron_ore":19,"minecraft:sweet_berry_bush":13,"minecraft:spruce_log":39,"minecraft:andesite":24,"minecraft:pumpkin":2,"minecraft:pointed_dripstone":2,"minecraft:coal_ore":93,"minecraft:dirt_path":4,"minecraft:dirt":5,"minecraft:stone":610},"minecraft:dropped":{"minecraft:enchanted_book":2,"minecraft:iron_ingot":2,"minecraft:cobblestone":19,"minecraft:pumpkin_seeds":10,"minecraft:wooden_sword":1,"minecraft:stone_pickaxe":1},"minecraft:used":{"minecraft:wheat_seeds":7,"minecraft:water_bucket":5,"minecraft:stone_sword":50,"minecraft:spruce_door":3,"minecraft:iron_shovel":56,"minecraft:stone_pickaxe":659,"minecraft:chest":2,"minecraft:wooden_pickaxe":26,"minecraft:torch":31,"minecraft:dirt":18,"minecraft:crafting_table":9,"minecraft:spruce_log":3,"minecraft:iron_hoe":7,"minecraft:wooden_axe":42,"minecraft:bread":9,"minecraft:iron_pickaxe":95,"minecraft:wooden_sword":14,"minecraft:sweet_berries":17,"minecraft:furnace":5,"minecraft:bucket":6,"minecraft:potato":2,"minecraft:cooked_beef":3,"minecraft:bone_meal":6,"minecraft:pointed_dripstone":2},"minecraft:custom":{"minecraft:interact_with_smithing_table":1,"minecraft:interact_with_furnace":11,"minecraft:mob_kills":9,"minecraft:interact_with_crafting_table":17,"minecraft:interact_with_grindstone":1,"minecraft:time_since_death":67575,"minecraft:sleep_in_bed":2,"minecraft:time_since_rest":39513,"minecraft:sprint_one_cm":332860,"minecraft:damage_taken":1432,"minecraft:walk_one_cm":144953,"minecraft:drop":8,"minecraft:damage_dealt":2495,"minecraft:talked_to_villager":2,"minecraft:fly_one_cm":84773,"minecraft:player_kills":1,"minecraft:open_chest":20,"minecraft:crouch_one_cm":18972,"minecraft:play_time":72695,"minecraft:deaths":4,"minecraft:sneak_time":6856,"minecraft:walk_under_water_one_cm":1026,"minecraft:jump":903,"minecraft:walk_on_water_one_cm":3238,"minecraft:total_world_time":72695,"minecraft:fall_one_cm":24540}},"DataVersion":3465}