{"stats":{"minecraft:killed":{"minecraft:iron_golem":1,"minecraft:zombie":3,"minecraft:cow":2},"minecraft:broken":{"minecraft:stone_pickaxe":1},"minecraft:picked_up":{"minecraft:crafting_table":5,"minecraft:leather":3,"minecraft:brown_mushroom":2,"minecraft:potato":15,"minecraft:enchanted_book":2,"minecraft:music_disc_cat":1,"minecraft:dirt":5,"minecraft:bone":1,"minecraft:wheat_seeds":1,"minecraft:spruce_planks":1,"minecraft:beef":3,"minecraft:iron_ingot":3,"minecraft:stone_pickaxe":1,"minecraft:chest":2,"minecraft:furnace":2,"minecraft:stick":10,"minecraft:pumpkin":2,"minecraft:sweet_berries":26,"minecraft:torch":4,"minecraft:spruce_sapling":8,"minecraft:spruce_log":43,"minecraft:redstone":2,"minecraft:iron_hoe":1,"minecraft:pumpkin_seeds":13,"minecraft:rotten_flesh":5,"minecraft:granite":2,"minecraft:bone_meal":3,"minecraft:bread":10,"minecraft:cobblestone":193},"minecraft:crafted":{"minecraft:cooked_beef":3,"minecraft:wooden_sword":1,"minecraft:crafting_table":2,"minecraft:spruce_planks":104,"minecraft:wooden_pickaxe":1,"minecraft:furnace":1,"minecraft:pumpkin_seeds":8,"minecraft:air":0,"minecraft:charcoal":9,"minecraft:stick":36,"minecraft:stone_pickaxe":3,"minecraft:wooden_axe":1,"minecraft:stone_sword":1,"minecraft:iron_shovel":1,"minecraft:torch":4},"minecraft:killed_by":{"minecraft:player":2,"minecraft:iron_golem":1},"minecraft:mined":{"minecraft:spruce_planks":1,"minecraft:brown_mushroom":1,"minecraft:crafting_table":5,"minecraft:torch":1,"minecraft:granite":2,"minecraft:grass_block":3,"minecraft:spruce_leaves":7,"minecraft:wall_torch":3,"minecraft:furnace":2,"minecraft:sweet_berry_bush":11,"minecraft:spruce_log":39,"minecraft:pumpkin":2,"minecraft:dirt":2,"minecraft:stone":193},"minecraft:dropped":{"minecraft:enchanted_book":2,"minecraft:iron_ingot":2,"minecraft:pumpkin_seeds":10,"minecraft:wooden_sword":1,"minecraft:stone_pickaxe":1},"minecraft:used":{"minecraft:stone_sword":38,"minecraft:iron_shovel":2,"minecraft:stone_pickaxe":174,"minecraft:wooden_pickaxe":23,"minecraft:torch":4,"minecraft:crafting_table":5,"minecraft:spruce_log":3,"minecraft:iron_hoe":1,"minecraft:wooden_axe":41,"minecraft:bread":4,"minecraft:wooden_sword":14,"minecraft:sweet_berries":8,"minecraft:furnace":2,"minecraft:potato":2,"minecraft:cooked_beef":3},"minecraft:custom":{"minecraft:interact_with_furnace":5,"minecraft:mob_kills":7,"minecraft:interact_with_crafting_table":7,"minecraft:time_since_death":31575,"minecraft:sleep_in_bed":2,"minecraft:time_since_rest":3513,"minecraft:sprint_one_cm":201997,"minecraft:damage_taken":1392,"minecraft:walk_one_cm":78258,"minecraft:drop":7,"minecraft:damage_dealt":2045,"minecraft:talked_to_villager":1,"minecraft:fly_one_cm":52545,"minecraft:player_kills":1,"minecraft:open_chest":9,"minecraft:crouch_one_cm":6895,"minecraft:play_time":36695,"minecraft:deaths":4,"minecraft:sneak_time":2604,"minecraft:walk_under_water_one_cm":262,"minecraft:jump":508,"minecraft:walk_on_water_one_cm":550,"minecraft:total_world_time":36695,"minecraft:fall_one_cm":19529}},"DataVersion":3465}