{"stats":{"minecraft:crafted":{"minecraft:oak_planks":32,"minecraft:flint_and_steel":1,"minecraft:stone_pickaxe":1,"minecraft:diamond_sword":13,"biomesoplenty:jacaranda_planks":8,"minecraft:crafting_table":2,"minecraft:baked_potato":19,"minecraft:wooden_pickaxe":1,"minecraft:birch_planks":12,"minecraft:shield":2,"minecraft:stick":32,"minecraft:stone_sword":1,"minecraft:torch":108},"minecraft:dropped":{"minecraft:enchanted_book":1,"minecraft:iron_ingot":1,"minecraft:wheat_seeds":1,"minecraft:yellow_terracotta":1,"minecraft:cobblestone":49,"minecraft:book":6,"man:cassette_1safetyinstructions":2,"minecraft:dirt":3,"minecraft:torch":1,"minecraft:cornflower":2,"minecraft:rose_bush":2,"minecraft:smooth_quartz":22,"minecraft:dark_oak_planks":3,"minecraft:string":68,"minecraft:bucket":1,"minecraft:bone":2,"minecraft:rotten_flesh":22,"minecraft:spruce_fence":4,"minecraft:filled_map":1,"minecraft:diamond_sword":2,"minecraft:tipped_arrow":2,"minecraft:gunpowder":2,"minecraft:iron_chestplate":1,"minecraft:beetroot_seeds":1,"minecraft:yellow_bed":1,"minecraft:redstone_torch":1,"minecraft:spider_eye":35,"minecraft:arrow":5,"minecraft:wooden_pickaxe":1,"minecraft:dark_prismarine":11,"minecraft:amethyst_cluster":1},"minecraft:killed":{"minecraft:cave_spider":54,"minecraft:witch":1,"minecraft:spider":90,"minecraft:skeleton":41,"minecraft:pig":5,"boh:simonhenriksson":1,"minecraft:creeper":2,"minecraft:zombie":9,"minecraft:stray":1,"minecraft:wither_skeleton":150,"minecraft:cow":3},"minecraft:mined":{"minecraft:dark_oak_planks":3,"minecraft:yellow_terracotta":1,"minecraft:dark_prismarine":22,"minecraft:spruce_planks":3,"biomesoplenty:watergrass":1,"minecraft:white_bed":2,"minecraft:cyan_stained_glass":1,"minecraft:glow_lichen":1,"minecraft:spruce_trapdoor":1,"minecraft:spruce_fence":16,"minecraft:grass_block":38,"minecraft:spawner":5,"biomesoplenty:jacaranda_log":2,"minecraft:carrots":1,"biomesoplenty:lavender":4,"minecraft:bookshelf":3,"biomesoplenty:webbing":2,"minecraft:lantern":2,"minecraft:spruce_wood":6,"minecraft:azalea_leaves":4,"minecraft:stone":178,"minecraft:redstone_wall_torch":1,"biomesoplenty:jacaranda_leaves":6,"minecraft:lily_of_the_valley":2,"biomesoplenty:jacaranda_planks":1,"minecraft:crafting_table":2,"minecraft:cornflower":2,"minecraft:torch":3,"minecraft:dark_oak_wood":2,"minecraft:oak_wood":3,"minecraft:melon":23,"minecraft:rose_bush":2,"minecraft:tall_grass":13,"minecraft:cobblestone":3,"minecraft:birch_wood":4,"minecraft:oak_planks":3,"minecraft:wall_torch":4,"minecraft:cyan_wool":6,"minecraft:yellow_bed":2,"minecraft:grass":52,"minecraft:coal_ore":39,"minecraft:oak_log":12,"minecraft:dirt":15,"minecraft:sand":18,"minecraft:smooth_quartz":57,"biomesoplenty:redwood_wood":1,"minecraft:oak_leaves":6,"minecraft:fern":2},"minecraft:used":{"minecraft:stone_sword":135,"minecraft:spruce_planks":5,"minecraft:shield":136,"minecraft:iron_sword":254,"minecraft:rotten_flesh":19,"minecraft:iron_chestplate":2,"minecraft:torch":97,"minecraft:dirt":47,"minecraft:lily_of_the_valley":2,"minecraft:chainmail_chestplate":1,"minecraft:carrot":7,"minecraft:cyan_wool":6,"minecraft:music_disc_13":1,"minecraft:spruce_fence":11,"minecraft:obsidian":6,"minecraft:spruce_wood":6,"minecraft:lantern":2,"biomesoplenty:redwood_wood":1,"minecraft:dark_oak_wood":3,"minecraft:smooth_quartz":20,"biomesoplenty:jacaranda_sapling":1,"minecraft:golden_carrot":3,"minecraft:bow":55,"minecraft:beef":9,"minecraft:egg":1,"minecraft:potato":9,"minecraft:enchanted_golden_apple":2,"minecraft:iron_leggings":3,"minecraft:birch_wood":1,"minecraft:stone_pickaxe":131,"minecraft:baked_potato":19,"minecraft:oak_planks":12,"minecraft:wooden_pickaxe":59,"minecraft:chainmail_helmet":2,"biomesoplenty:lavender":3,"minecraft:sand":18,"minecraft:yellow_terracotta":1,"minecraft:music_disc_cat":1,"minecraft:crafting_table":4,"minecraft:white_bed":1,"biomesoplenty:jacaranda_planks":3,"minecraft:oak_log":7,"minecraft:dark_prismarine":13,"minecraft:cornflower":1,"minecraft:apple":13,"minecraft:melon_slice":118,"minecraft:bread":111,"minecraft:cyan_carpet":8,"minecraft:iron_pickaxe":107,"minecraft:spruce_trapdoor":1,"minecraft:diamond_sword":1879,"minecraft:cobblestone":132,"minecraft:chainmail_boots":1,"minecraft:cooked_porkchop":1,"minecraft:porkchop":4,"minecraft:yellow_bed":1,"minecraft:golden_pickaxe":32,"minecraft:experience_bottle":28},"minecraft:killed_by":{"minecraft:wither_skeleton":5,"minecraft:creeper":1,"minecraft:skeleton":1},"minecraft:picked_up":{"minecraft:crafting_table":2,"minecraft:iron_chestplate":9,"minecraft:chainmail_boots":4,"minecraft:diamond_sword":37,"minecraft:gold_block":1,"minecraft:enchanted_book":13,"biomesoplenty:jacaranda_sapling":1,"minecraft:diamond_horse_armor":1,"minecraft:shield":7,"minecraft:music_disc_cat":1,"minecraft:cornflower":3,"minecraft:string":424,"minecraft:flint_and_steel":5,"minecraft:iron_leggings":5,"minecraft:cyan_carpet":8,"minecraft:bucket":1,"minecraft:spruce_planks":8,"minecraft:beef":9,"minecraft:redstone_torch":1,"minecraft:rose_bush":2,"minecraft:cyan_wool":11,"minecraft:enchanted_golden_apple":4,"minecraft:iron_pickaxe":7,"minecraft:smooth_quartz":145,"biomesoplenty:redwood_wood":1,"minecraft:melon_slice":123,"minecraft:spruce_trapdoor":2,"minecraft:egg":1,"minecraft:iron_boots":1,"minecraft:tipped_arrow":2,"minecraft:stick":12,"minecraft:torch":61,"minecraft:spruce_fence":18,"minecraft:porkchop":4,"minecraft:carrot":4,"minecraft:dark_oak_planks":3,"minecraft:diamond_chestplate":1,"minecraft:stone_sword":1,"minecraft:arrow":90,"minecraft:rotten_flesh":65,"biomesoplenty:jacaranda_log":2,"minecraft:beetroot_seeds":1,"minecraft:yellow_terracotta":2,"minecraft:saddle":6,"minecraft:gold_ingot":451,"minecraft:obsidian":42,"minecraft:cobblestone":269,"biomesoplenty:lavender":3,"minecraft:golden_carrot":58,"minecraft:leather":14,"minecraft:potato":2,"minecraft:flint":5,"minecraft:oak_log":12,"minecraft:chainmail_chestplate":6,"minecraft:gunpowder":2,"minecraft:yellow_bed":3,"biomesoplenty:jacaranda_planks":1,"minecraft:wither_skeleton_skull":4,"minecraft:dirt":54,"minecraft:lantern":3,"man:cassette_1safetyinstructions":1,"minecraft:bone":725,"minecraft:apple":5,"minecraft:bow":5,"minecraft:wheat_seeds":23,"minecraft:birch_wood":4,"minecraft:spruce_wood":6,"minecraft:iron_ingot":158,"minecraft:oak_planks":3,"minecraft:iron_sword":1,"minecraft:book":50,"minecraft:music_disc_13":5,"minecraft:cooked_porkchop":67,"minecraft:sand":18,"minecraft:white_bed":2,"minecraft:lily_of_the_valley":2,"minecraft:spider_eye":46,"minecraft:dark_prismarine":25,"minecraft:oak_wood":3,"minecraft:diamond":55,"minecraft:iron_helmet":4,"minecraft:golden_apple":9,"minecraft:golden_horse_armor":2,"minecraft:bread":204,"minecraft:chainmail_helmet":6,"minecraft:emerald":266,"minecraft:baked_potato":19,"minecraft:dark_oak_wood":5,"minecraft:oak_sapling":1,"minecraft:coal":310},"minecraft:broken":{"minecraft:stone_sword":1,"minecraft:iron_chestplate":1,"minecraft:iron_leggings":1,"minecraft:stone_pickaxe":1,"minecraft:shield":1,"minecraft:iron_sword":1,"minecraft:iron_helmet":2,"minecraft:golden_pickaxe":1},"minecraft:custom":{"minecraft:interact_with_anvil":1,"minecraft:mob_kills":360,"minecraft:interact_with_crafting_table":9,"minecraft:open_barrel":1,"minecraft:bell_ring":12,"minecraft:damage_dealt_resisted":22830,"minecraft:leave_game":2,"minecraft:time_since_death":2614,"minecraft:damage_resisted":201,"minecraft:climb_one_cm":5022,"minecraft:sprint_one_cm":469155,"minecraft:walk_one_cm":1264001,"minecraft:damage_blocked_by_shield":4781,"minecraft:drop":158,"minecraft:play_noteblock":27,"minecraft:talked_to_villager":2,"minecraft:play_time":244623,"minecraft:deaths":10,"minecraft:sneak_time":7815,"minecraft:walk_under_water_one_cm":28181,"minecraft:jump":3667,"minecraft:walk_on_water_one_cm":14424,"minecraft:total_world_time":244623,"minecraft:interact_with_furnace":6,"minecraft:play_record":2,"minecraft:tune_noteblock":44,"minecraft:sleep_in_bed":4,"minecraft:time_since_rest":2654,"minecraft:damage_taken":13824,"minecraft:damage_absorbed":323,"minecraft:damage_dealt":132022,"minecraft:swim_one_cm":22321,"minecraft:fly_one_cm":348721,"minecraft:open_chest":61,"minecraft:crouch_one_cm":25949,"minecraft:fall_one_cm":100566}},"DataVersion":3465}