{"stats":{"minecraft:killed":{"minecraft:spider":1,"minecraft:creeper":3,"minecraft:sheep":7,"minecraft:zombie":4,"minecraft:cow":2},"minecraft:broken":{"minecraft:wooden_pickaxe":1},"minecraft:picked_up":{"minecraft:crafting_table":5,"minecraft:wheat":7,"minecraft:leather":3,"minecraft:brown_mushroom":1,"minecraft:enchanted_book":2,"minecraft:flint":2,"minecraft:gunpowder":4,"minecraft:dirt":6,"minecraft:string":2,"minecraft:cooked_mutton":3,"minecraft:wheat_seeds":20,"minecraft:beef":3,"minecraft:stone_pickaxe":1,"minecraft:light_gray_wool":1,"minecraft:chest":2,"minecraft:furnace":3,"minecraft:stick":2,"minecraft:raw_iron":4,"minecraft:sweet_berries":34,"minecraft:torch":15,"minecraft:dripstone_block":5,"minecraft:gravel":11,"minecraft:spruce_sapling":3,"minecraft:pointed_dripstone":4,"minecraft:spruce_log":43,"minecraft:redstone":2,"minecraft:pumpkin_seeds":10,"minecraft:rotten_flesh":5,"minecraft:melon_seeds":1,"minecraft:cobblestone":49,"minecraft:mutton":10,"minecraft:coal":103,"minecraft:white_wool":7},"minecraft:crafted":{"minecraft:cobblestone_slab":6,"minecraft:crafting_table":1,"minecraft:spruce_planks":36,"minecraft:wooden_pickaxe":1,"minecraft:furnace":1,"minecraft:bone_meal":9,"minecraft:stone_axe":1,"minecraft:cooked_mutton":7,"minecraft:bread":2,"minecraft:air":0,"minecraft:flint_and_steel":2,"minecraft:stick":56,"minecraft:iron_ingot":2,"minecraft:stone_pickaxe":2,"minecraft:stone_sword":1,"minecraft:torch":64},"minecraft:killed_by":{"minecraft:player":1},"minecraft:mined":{"minecraft:crafting_table":5,"minecraft:torch":9,"minecraft:grass_block":5,"minecraft:chest":2,"minecraft:cobblestone":4,"minecraft:spruce_leaves":7,"minecraft:wall_torch":4,"minecraft:spawner":1,"minecraft:furnace":3,"minecraft:iron_ore":4,"minecraft:fire":1,"minecraft:wheat":7,"minecraft:sweet_berry_bush":15,"minecraft:spruce_log":44,"minecraft:pointed_dripstone":1,"minecraft:coal_ore":104,"minecraft:dirt_path":1,"minecraft:gravel":13,"minecraft:dripstone_block":5,"minecraft:stone":44,"minecraft:white_wool":1,"minecraft:fern":1},"minecraft:dropped":{"minecraft:enchanted_book":3,"minecraft:wheat_seeds":13,"minecraft:brown_mushroom":1,"minecraft:pointed_dripstone":3,"minecraft:rotten_flesh":2,"minecraft:pumpkin_seeds":12,"minecraft:gunpowder":2,"minecraft:melon_seeds":5,"minecraft:chest":2,"minecraft:bone_meal":3,"minecraft:stone_pickaxe":1,"minecraft:string":2,"minecraft:redstone":4,"minecraft:music_disc_cat":1},"minecraft:used":{"minecraft:wheat_seeds":7,"minecraft:cooked_mutton":1,"minecraft:stone_sword":50,"minecraft:flint_and_steel":1,"minecraft:stone_pickaxe":108,"minecraft:spruce_planks":1,"minecraft:wooden_pickaxe":61,"minecraft:cobblestone_slab":6,"minecraft:rotten_flesh":3,"minecraft:torch":24,"minecraft:dirt":6,"minecraft:crafting_table":5,"minecraft:dripstone_block":5,"minecraft:bread":2,"minecraft:spruce_sapling":3,"minecraft:gravel":11,"minecraft:stone_axe":40,"minecraft:light_gray_wool":1,"minecraft:cobblestone":5,"minecraft:beef":3,"minecraft:sweet_berries":2,"minecraft:furnace":3,"minecraft:bone_meal":6,"minecraft:pointed_dripstone":1},"minecraft:custom":{"minecraft:interact_with_smithing_table":1,"minecraft:interact_with_furnace":12,"minecraft:mob_kills":17,"minecraft:interact_with_crafting_table":9,"minecraft:open_barrel":1,"minecraft:interact_with_loom":1,"minecraft:bell_ring":12,"minecraft:time_since_death":32145,"minecraft:sleep_in_bed":1,"minecraft:time_since_rest":21271,"minecraft:sprint_one_cm":56694,"minecraft:damage_taken":572,"minecraft:walk_one_cm":122329,"minecraft:drop":36,"minecraft:damage_dealt":2576,"minecraft:fly_one_cm":45497,"minecraft:open_chest":5,"minecraft:crouch_one_cm":23906,"minecraft:play_time":33889,"minecraft:deaths":1,"minecraft:sneak_time":6587,"minecraft:walk_under_water_one_cm":37,"minecraft:jump":624,"minecraft:walk_on_water_one_cm":265,"minecraft:total_world_time":33889,"minecraft:fall_one_cm":20545}},"DataVersion":3465}