{"stats":{"minecraft:killed":{"minecraft:sheep":1,"minecraft:creeper":1,"minecraft:cow":2},"minecraft:picked_up":{"minecraft:crafting_table":2,"minecraft:sweet_berries":32,"minecraft:leather":3,"minecraft:brown_mushroom":1,"minecraft:torch":1,"minecraft:dripstone_block":1,"minecraft:pointed_dripstone":1,"minecraft:gunpowder":1,"minecraft:spruce_log":9,"minecraft:pumpkin_seeds":9,"minecraft:beef":3,"minecraft:mutton":2,"minecraft:coal":16,"minecraft:white_wool":1,"minecraft:cobblestone":38},"minecraft:crafted":{"minecraft:cobblestone_slab":6,"minecraft:crafting_table":1,"minecraft:spruce_planks":36,"minecraft:stick":56,"minecraft:wooden_pickaxe":1,"minecraft:stone_pickaxe":1,"minecraft:stone_sword":1,"minecraft:torch":64},"minecraft:killed_by":{"minecraft:player":1},"minecraft:mined":{"minecraft:sweet_berry_bush":14,"minecraft:spruce_log":9,"minecraft:crafting_table":2,"minecraft:coal_ore":16,"minecraft:dripstone_block":1,"minecraft:spruce_leaves":2,"minecraft:stone":39,"minecraft:wall_torch":1,"minecraft:fern":1},"minecraft:dropped":{"minecraft:brown_mushroom":1,"minecraft:pumpkin_seeds":9},"minecraft:used":{"minecraft:stone_sword":10,"minecraft:stone_pickaxe":21,"minecraft:spruce_planks":1,"minecraft:wooden_pickaxe":35,"minecraft:cobblestone_slab":6,"minecraft:torch":2,"minecraft:cobblestone":5,"minecraft:crafting_table":2,"minecraft:dripstone_block":1,"minecraft:pointed_dripstone":1},"minecraft:custom":{"minecraft:time_since_rest":8172,"minecraft:sprint_one_cm":16880,"minecraft:damage_taken":307,"minecraft:walk_one_cm":22233,"minecraft:mob_kills":4,"minecraft:drop":10,"minecraft:damage_dealt":673,"minecraft:interact_with_crafting_table":3,"minecraft:fly_one_cm":16265,"minecraft:open_chest":1,"minecraft:crouch_one_cm":8681,"minecraft:interact_with_loom":1,"minecraft:play_time":9889,"minecraft:deaths":1,"minecraft:sneak_time":2373,"minecraft:jump":157,"minecraft:walk_on_water_one_cm":183,"minecraft:time_since_death":8145,"minecraft:total_world_time":9889,"minecraft:fall_one_cm":6784}},"DataVersion":3465}