{"stats":{"minecraft:killed":{"minecraft:zombie":2,"minecraft:pig":2},"minecraft:picked_up":{"minecraft:rotten_flesh":2,"minecraft:leather":2,"minecraft:wheat_seeds":2,"minecraft:beef":3,"minecraft:porkchop":1,"minecraft:oak_log":2,"minecraft:lily_of_the_valley":2,"minecraft:dirt":12},"minecraft:custom":{"minecraft:time_since_rest":828,"minecraft:crouch_one_cm":262,"minecraft:play_time":13718,"minecraft:sprint_one_cm":51589,"minecraft:deaths":2,"minecraft:damage_taken":975,"minecraft:walk_one_cm":50059,"minecraft:sneak_time":52,"minecraft:walk_under_water_one_cm":3450,"minecraft:mob_kills":4,"minecraft:jump":268,"minecraft:damage_dealt":533,"minecraft:leave_game":1,"minecraft:time_since_death":801,"minecraft:walk_on_water_one_cm":339,"minecraft:total_world_time":13718,"minecraft:fall_one_cm":15086,"minecraft:fly_one_cm":41586},"minecraft:mined":{"minecraft:grass":28,"minecraft:oak_log":2,"minecraft:grass_block":11,"minecraft:dirt":1,"minecraft:lily_of_the_valley":2,"minecraft:tall_grass":1,"minecraft:azalea_leaves":4,"minecraft:glow_lichen":1},"minecraft:killed_by":{"minecraft:creeper":1},"minecraft:crafted":{"minecraft:oak_planks":8},"minecraft:used":{"minecraft:rotten_flesh":2,"minecraft:dirt":12,"minecraft:lily_of_the_valley":2,"minecraft:beef":3,"minecraft:porkchop":1,"minecraft:oak_planks":8}},"DataVersion":3465}