{"stats":{"minecraft:killed":{"minecraft:spider":1,"minecraft:creeper":3,"minecraft:sheep":6,"minecraft:zombie":3,"minecraft:cow":2},"minecraft:broken":{"minecraft:wooden_pickaxe":1},"minecraft:picked_up":{"minecraft:crafting_table":3,"minecraft:wheat":7,"minecraft:leather":3,"minecraft:brown_mushroom":1,"minecraft:gunpowder":4,"minecraft:string":2,"minecraft:wheat_seeds":20,"minecraft:beef":3,"minecraft:light_gray_wool":1,"minecraft:chest":1,"minecraft:furnace":1,"minecraft:stick":2,"minecraft:raw_iron":4,"minecraft:sweet_berries":32,"minecraft:torch":7,"minecraft:dripstone_block":5,"minecraft:pointed_dripstone":4,"minecraft:spruce_log":9,"minecraft:pumpkin_seeds":9,"minecraft:rotten_flesh":5,"minecraft:cobblestone":49,"minecraft:mutton":10,"minecraft:coal":103,"minecraft:white_wool":5},"minecraft:crafted":{"minecraft:cobblestone_slab":6,"minecraft:crafting_table":1,"minecraft:spruce_planks":36,"minecraft:wooden_pickaxe":1,"minecraft:furnace":1,"minecraft:bread":2,"minecraft:stick":56,"minecraft:iron_ingot":1,"minecraft:stone_pickaxe":1,"minecraft:stone_sword":1,"minecraft:torch":64},"minecraft:killed_by":{"minecraft:player":1},"minecraft:mined":{"minecraft:crafting_table":3,"minecraft:torch":4,"minecraft:chest":1,"minecraft:cobblestone":4,"minecraft:spruce_leaves":2,"minecraft:wall_torch":2,"minecraft:spawner":1,"minecraft:furnace":1,"minecraft:iron_ore":4,"minecraft:wheat":7,"minecraft:sweet_berry_bush":14,"minecraft:spruce_log":9,"minecraft:pointed_dripstone":1,"minecraft:coal_ore":104,"minecraft:dripstone_block":5,"minecraft:stone":44,"minecraft:fern":1},"minecraft:dropped":{"minecraft:wheat_seeds":13,"minecraft:brown_mushroom":1,"minecraft:pointed_dripstone":3,"minecraft:rotten_flesh":2,"minecraft:pumpkin_seeds":9,"minecraft:gunpowder":2,"minecraft:string":2},"minecraft:used":{"minecraft:wheat_seeds":7,"minecraft:stone_sword":43,"minecraft:stone_pickaxe":105,"minecraft:spruce_planks":1,"minecraft:wooden_pickaxe":61,"minecraft:cobblestone_slab":6,"minecraft:rotten_flesh":3,"minecraft:torch":19,"minecraft:crafting_table":3,"minecraft:dripstone_block":5,"minecraft:bread":2,"minecraft:light_gray_wool":1,"minecraft:cobblestone":5,"minecraft:beef":3,"minecraft:furnace":1,"minecraft:pointed_dripstone":1},"minecraft:custom":{"minecraft:interact_with_furnace":2,"minecraft:mob_kills":15,"minecraft:interact_with_crafting_table":5,"minecraft:open_barrel":1,"minecraft:interact_with_loom":1,"minecraft:time_since_death":20145,"minecraft:sleep_in_bed":1,"minecraft:time_since_rest":9271,"minecraft:sprint_one_cm":25118,"minecraft:damage_taken":477,"minecraft:walk_one_cm":73803,"minecraft:drop":19,"minecraft:damage_dealt":2307,"minecraft:fly_one_cm":21886,"minecraft:open_chest":3,"minecraft:crouch_one_cm":21869,"minecraft:play_time":21889,"minecraft:deaths":1,"minecraft:sneak_time":5940,"minecraft:jump":405,"minecraft:walk_on_water_one_cm":183,"minecraft:total_world_time":21889,"minecraft:fall_one_cm":11016}},"DataVersion":3465}