{"stats":{"minecraft:killed":{"minecraft:cave_spider":2,"minecraft:spider":5,"minecraft:skeleton":16,"minecraft:chicken":1,"minecraft:pig":4,"minecraft:creeper":10,"minecraft:sheep":9,"minecraft:zombie":21,"minecraft:cow":2},"minecraft:broken":{"minecraft:stone_sword":1,"minecraft:wooden_pickaxe":1,"minecraft:stone_pickaxe":1,"minecraft:stone_axe":1},"minecraft:picked_up":{"minecraft:crafting_table":9,"minecraft:wheat":8,"minecraft:clay_ball":8,"minecraft:chest_minecart":2,"minecraft:brown_mushroom":1,"minecraft:enchanted_book":2,"minecraft:moss_carpet":4,"minecraft:string":41,"minecraft:activator_rail":1,"minecraft:cobbled_deepslate":2,"minecraft:beef":3,"minecraft:azalea":4,"minecraft:light_gray_wool":1,"minecraft:chest":2,"minecraft:furnace":6,"minecraft:egg":1,"minecraft:raw_iron":81,"minecraft:stick":2,"minecraft:big_dripleaf":18,"minecraft:torch":27,"minecraft:pointed_dripstone":6,"minecraft:redstone":2,"minecraft:arrow":15,"minecraft:rotten_flesh":23,"minecraft:beetroot_seeds":8,"minecraft:glow_berries":27,"minecraft:mutton":10,"minecraft:white_wool":10,"minecraft:rail":8,"minecraft:cobblestone":81,"minecraft:feather":4,"minecraft:andesite":1,"minecraft:leather":3,"minecraft:flint":2,"minecraft:gunpowder":14,"minecraft:lapis_lazuli":9,"minecraft:dirt":7,"minecraft:cooked_mutton":9,"minecraft:bone":19,"minecraft:bow":2,"minecraft:wheat_seeds":20,"minecraft:raw_gold":14,"minecraft:iron_ingot":2,"minecraft:stone_pickaxe":1,"minecraft:cooked_chicken":2,"minecraft:moss_block":8,"minecraft:cooked_porkchop":16,"minecraft:sweet_berries":34,"minecraft:dripstone_block":5,"minecraft:gravel":11,"minecraft:spruce_sapling":3,"minecraft:spruce_log":43,"minecraft:spider_eye":2,"minecraft:pumpkin_seeds":20,"minecraft:diamond":3,"minecraft:melon_seeds":1,"minecraft:coal":103},"minecraft:crafted":{"minecraft:cobblestone_slab":6,"minecraft:furnace":1,"minecraft:bone_meal":9,"minecraft:cooked_mutton":7,"minecraft:flint_and_steel":2,"minecraft:iron_boots":1,"minecraft:stone_pickaxe":2,"minecraft:crafting_table":1,"minecraft:spruce_planks":44,"minecraft:iron_helmet":1,"minecraft:wooden_pickaxe":1,"minecraft:iron_sword":1,"minecraft:bucket":1,"minecraft:stone_axe":1,"minecraft:bread":2,"minecraft:air":0,"minecraft:iron_chestplate":1,"minecraft:shield":1,"minecraft:stick":56,"minecraft:iron_ingot":24,"minecraft:iron_pickaxe":1,"minecraft:stone_sword":1,"minecraft:iron_leggings":1,"minecraft:torch":64},"minecraft:killed_by":{"minecraft:player":1},"minecraft:mined":{"minecraft:deepslate_diamond_ore":3,"minecraft:cave_vines_plant":23,"minecraft:grass_block":5,"minecraft:spruce_leaves":12,"minecraft:moss_block":1,"minecraft:spawner":5,"minecraft:furnace":6,"minecraft:iron_ore":68,"minecraft:fire":17,"minecraft:andesite":1,"minecraft:big_dripleaf_stem":1,"minecraft:deepslate_iron_ore":13,"minecraft:pointed_dripstone":2,"minecraft:cave_vines":21,"minecraft:dirt_path":1,"minecraft:rail":1,"minecraft:stone":75,"minecraft:white_wool":1,"minecraft:clay":1,"minecraft:crafting_table":9,"minecraft:torch":16,"minecraft:chest":2,"minecraft:tall_grass":5,"minecraft:cobblestone":7,"minecraft:deepslate_gold_ore":14,"minecraft:lapis_ore":1,"minecraft:wall_torch":6,"minecraft:amethyst_block":2,"minecraft:wheat":7,"minecraft:sweet_berry_bush":15,"minecraft:spruce_log":44,"minecraft:grass":4,"minecraft:coal_ore":104,"minecraft:dripstone_block":5,"minecraft:gravel":13,"minecraft:dirt":1,"minecraft:cobweb":35,"minecraft:small_dripleaf":1,"minecraft:deepslate":2,"minecraft:fern":3},"minecraft:dropped":{"minecraft:enchanted_book":3,"minecraft:moss_block":1,"minecraft:brown_mushroom":1,"minecraft:wheat_seeds":13,"minecraft:feather":4,"minecraft:leather":3,"minecraft:chest_minecart":2,"minecraft:activator_rail":1,"minecraft:rail":7,"minecraft:torch":1,"minecraft:bone_meal":3,"minecraft:string":53,"minecraft:music_disc_cat":1,"minecraft:redstone":4,"minecraft:moss_carpet":4,"minecraft:wheat":2,"minecraft:pointed_dripstone":3,"minecraft:rotten_flesh":14,"minecraft:clay_ball":8,"minecraft:pumpkin_seeds":22,"minecraft:big_dripleaf":18,"minecraft:gunpowder":15,"minecraft:spruce_planks":2,"minecraft:andesite":1,"minecraft:beetroot_seeds":8,"minecraft:melon_seeds":5,"minecraft:azalea":4,"minecraft:chest":2,"minecraft:spider_eye":2,"minecraft:arrow":12,"minecraft:stone_pickaxe":1,"minecraft:egg":1},"minecraft:used":{"minecraft:moss_block":7,"minecraft:stone_sword":116,"minecraft:flint_and_steel":17,"minecraft:spruce_planks":1,"minecraft:shield":8,"minecraft:iron_sword":103,"minecraft:rotten_flesh":9,"minecraft:cooked_chicken":2,"minecraft:torch":111,"minecraft:dirt":7,"minecraft:light_gray_wool":1,"minecraft:beef":3,"minecraft:sweet_berries":2,"minecraft:furnace":6,"minecraft:cobbled_deepslate":2,"minecraft:pointed_dripstone":3,"minecraft:wheat_seeds":7,"minecraft:cooked_mutton":9,"minecraft:water_bucket":1,"minecraft:stone_pickaxe":259,"minecraft:wooden_pickaxe":61,"minecraft:cobblestone_slab":6,"minecraft:glow_berries":14,"minecraft:rail":1,"minecraft:crafting_table":9,"minecraft:dripstone_block":5,"minecraft:bread":5,"minecraft:iron_pickaxe":17,"minecraft:spruce_sapling":3,"minecraft:gravel":11,"minecraft:stone_axe":96,"minecraft:cobblestone":39,"minecraft:bucket":2,"minecraft:bone_meal":6},"minecraft:custom":{"minecraft:interact_with_smithing_table":1,"minecraft:mob_kills":74,"minecraft:interact_with_crafting_table":18,"minecraft:open_barrel":1,"minecraft:bell_ring":12,"minecraft:time_since_death":80145,"minecraft:sprint_one_cm":184380,"minecraft:walk_one_cm":453915,"minecraft:damage_blocked_by_shield":220,"minecraft:drop":108,"minecraft:play_time":81889,"minecraft:deaths":1,"minecraft:sneak_time":10832,"minecraft:walk_under_water_one_cm":1405,"minecraft:jump":1377,"minecraft:walk_on_water_one_cm":5397,"minecraft:total_world_time":81889,"minecraft:interact_with_furnace":23,"minecraft:interact_with_loom":1,"minecraft:sleep_in_bed":1,"minecraft:time_since_rest":69271,"minecraft:damage_taken":1563,"minecraft:damage_dealt":12536,"minecraft:fly_one_cm":93006,"minecraft:open_chest":5,"minecraft:crouch_one_cm":39969,"minecraft:fall_one_cm":39890}},"DataVersion":3465}