{"stats":{"minecraft:killed":{"minecraft:cave_spider":3,"minecraft:spider":6,"minecraft:skeleton":20,"minecraft:chicken":1,"minecraft:pig":8,"minecraft:creeper":11,"minecraft:sheep":13,"minecraft:zombie":35,"minecraft:cow":10},"minecraft:broken":{"minecraft:stone_sword":1,"minecraft:wooden_pickaxe":1,"minecraft:stone_pickaxe":2,"minecraft:stone_axe":1,"minecraft:iron_sword":1},"minecraft:picked_up":{"minecraft:coarse_dirt":2,"minecraft:crafting_table":11,"minecraft:wheat":21,"minecraft:clay_ball":39,"minecraft:chest_minecart":2,"minecraft:brown_mushroom":1,"minecraft:enchanted_book":2,"minecraft:moss_carpet":5,"minecraft:string":95,"minecraft:activator_rail":1,"minecraft:cobbled_deepslate":15,"minecraft:beef":17,"minecraft:azalea":6,"minecraft:light_gray_wool":1,"minecraft:chest":2,"minecraft:furnace":6,"minecraft:egg":1,"minecraft:raw_iron":114,"minecraft:stick":2,"minecraft:big_dripleaf":19,"minecraft:torch":29,"minecraft:pointed_dripstone":6,"minecraft:diorite":3,"minecraft:redstone":2,"minecraft:arrow":18,"minecraft:rotten_flesh":35,"minecraft:tropical_fish":4,"minecraft:beetroot_seeds":8,"minecraft:obsidian":1,"minecraft:glow_berries":91,"minecraft:mutton":10,"minecraft:white_wool":14,"minecraft:rail":8,"minecraft:cobblestone":87,"minecraft:feather":6,"minecraft:cooked_beef":20,"minecraft:glow_ink_sac":2,"minecraft:andesite":3,"minecraft:leather":9,"minecraft:flint":3,"minecraft:tuff":1,"minecraft:gunpowder":16,"minecraft:lapis_lazuli":28,"minecraft:dirt":16,"minecraft:cooked_mutton":15,"minecraft:bone":22,"minecraft:bow":2,"minecraft:wheat_seeds":54,"minecraft:raw_gold":26,"minecraft:iron_ingot":2,"minecraft:stone_pickaxe":1,"minecraft:cooked_chicken":4,"minecraft:moss_block":11,"minecraft:flowering_azalea":2,"minecraft:oak_planks":6,"minecraft:cooked_porkchop":28,"minecraft:sweet_berries":89,"minecraft:dripstone_block":5,"minecraft:gravel":11,"minecraft:spruce_sapling":5,"minecraft:spruce_log":43,"minecraft:spider_eye":2,"minecraft:mossy_cobblestone":2,"minecraft:pumpkin_seeds":20,"minecraft:diamond":8,"minecraft:granite":1,"minecraft:melon_seeds":1,"minecraft:coal":138},"minecraft:crafted":{"minecraft:cobblestone_slab":6,"minecraft:iron_nugget":9,"minecraft:furnace":1,"minecraft:bone_meal":9,"minecraft:cooked_mutton":7,"minecraft:flint_and_steel":2,"minecraft:iron_boots":1,"minecraft:stone_pickaxe":2,"minecraft:crafting_table":1,"minecraft:spruce_planks":44,"minecraft:iron_helmet":1,"minecraft:wooden_pickaxe":1,"minecraft:iron_sword":2,"minecraft:bucket":2,"minecraft:stone_axe":1,"minecraft:bread":6,"minecraft:air":0,"minecraft:iron_chestplate":1,"minecraft:diamond_pickaxe":1,"minecraft:shield":1,"minecraft:stick":68,"minecraft:iron_ingot":25,"minecraft:iron_pickaxe":1,"minecraft:stone_sword":1,"minecraft:iron_leggings":1,"minecraft:torch":144},"minecraft:killed_by":{"minecraft:player":1},"minecraft:mined":{"minecraft:tuff":1,"minecraft:mossy_cobblestone":1,"minecraft:deepslate_diamond_ore":8,"minecraft:sculk_vein":1,"minecraft:obsidian":1,"minecraft:granite":1,"minecraft:cave_vines_plant":69,"minecraft:grass_block":7,"minecraft:spruce_leaves":18,"minecraft:moss_block":4,"minecraft:spawner":8,"minecraft:furnace":6,"minecraft:iron_ore":94,"minecraft:fire":53,"minecraft:andesite":3,"minecraft:deepslate_lapis_ore":3,"minecraft:big_dripleaf_stem":1,"minecraft:deepslate_iron_ore":21,"minecraft:pointed_dripstone":3,"minecraft:cave_vines":77,"minecraft:dirt_path":1,"minecraft:rail":1,"minecraft:azalea":3,"minecraft:stone":84,"minecraft:white_wool":1,"minecraft:flowering_azalea":3,"minecraft:clay":5,"minecraft:crafting_table":11,"minecraft:torch":16,"minecraft:chest":2,"minecraft:sculk_sensor":2,"minecraft:tall_grass":10,"minecraft:cobblestone":7,"minecraft:deepslate_gold_ore":26,"minecraft:lapis_ore":1,"minecraft:diorite":3,"minecraft:sculk":9,"minecraft:wall_torch":7,"minecraft:amethyst_block":2,"minecraft:coarse_dirt":2,"minecraft:wheat":22,"minecraft:sweet_berry_bush":41,"minecraft:spruce_log":44,"minecraft:grass":45,"minecraft:coal_ore":140,"minecraft:dripstone_block":5,"minecraft:gravel":13,"minecraft:dirt":9,"minecraft:cobweb":90,"minecraft:small_dripleaf":2,"minecraft:deepslate":16,"minecraft:fern":5},"minecraft:dropped":{"minecraft:enchanted_book":3,"minecraft:moss_block":1,"minecraft:brown_mushroom":1,"minecraft:wheat_seeds":45,"minecraft:mossy_cobblestone":2,"minecraft:feather":6,"minecraft:leather":9,"minecraft:chest_minecart":2,"minecraft:activator_rail":1,"minecraft:tropical_fish":4,"minecraft:rail":7,"minecraft:flint":1,"minecraft:torch":1,"minecraft:bone_meal":3,"minecraft:string":107,"minecraft:music_disc_cat":1,"minecraft:spruce_sapling":2,"minecraft:redstone":4,"minecraft:moss_carpet":4,"minecraft:tuff":1,"minecraft:wheat":3,"minecraft:pointed_dripstone":3,"minecraft:rotten_flesh":26,"minecraft:clay_ball":39,"minecraft:pumpkin_seeds":22,"minecraft:big_dripleaf":18,"minecraft:gunpowder":20,"minecraft:spruce_planks":2,"minecraft:andesite":1,"minecraft:beetroot_seeds":8,"minecraft:melon_seeds":5,"minecraft:azalea":4,"minecraft:chest":2,"minecraft:spider_eye":2,"minecraft:arrow":16,"minecraft:bow":1,"minecraft:stone_pickaxe":1,"minecraft:egg":1},"minecraft:used":{"minecraft:azalea":2,"minecraft:moss_block":10,"minecraft:moss_carpet":1,"minecraft:stone_sword":116,"minecraft:flint_and_steel":52,"minecraft:spruce_planks":1,"minecraft:shield":19,"minecraft:iron_sword":308,"minecraft:rotten_flesh":9,"minecraft:cooked_chicken":2,"minecraft:torch":201,"minecraft:dirt":16,"minecraft:granite":1,"minecraft:axolotl_bucket":2,"minecraft:big_dripleaf":1,"minecraft:flowering_azalea":2,"minecraft:lava_bucket":2,"minecraft:light_gray_wool":1,"minecraft:beef":6,"minecraft:sweet_berries":21,"minecraft:furnace":6,"minecraft:cobbled_deepslate":14,"minecraft:pointed_dripstone":3,"minecraft:wheat_seeds":9,"minecraft:cooked_mutton":9,"minecraft:water_bucket":51,"minecraft:diorite":3,"minecraft:stone_pickaxe":281,"minecraft:wooden_pickaxe":61,"minecraft:cobblestone_slab":6,"minecraft:glow_berries":108,"minecraft:rail":1,"minecraft:crafting_table":11,"minecraft:dripstone_block":5,"minecraft:diamond_pickaxe":1,"minecraft:bread":8,"minecraft:iron_pickaxe":132,"minecraft:spruce_sapling":3,"minecraft:gravel":11,"minecraft:stone_axe":96,"minecraft:cobblestone":65,"minecraft:andesite":2,"minecraft:bucket":57,"minecraft:coarse_dirt":2,"minecraft:bone_meal":6},"minecraft:custom":{"minecraft:interact_with_smithing_table":1,"minecraft:mob_kills":116,"minecraft:interact_with_crafting_table":22,"minecraft:open_barrel":1,"minecraft:interact_with_campfire":11,"minecraft:bell_ring":12,"minecraft:time_since_death":158145,"minecraft:climb_one_cm":754,"minecraft:sprint_one_cm":422094,"minecraft:walk_one_cm":805405,"minecraft:damage_blocked_by_shield":535,"minecraft:drop":197,"minecraft:play_time":159889,"minecraft:deaths":1,"minecraft:sneak_time":17058,"minecraft:walk_under_water_one_cm":37228,"minecraft:jump":3547,"minecraft:walk_on_water_one_cm":33095,"minecraft:total_world_time":159889,"minecraft:interact_with_furnace":23,"minecraft:interact_with_loom":1,"minecraft:sleep_in_bed":1,"minecraft:time_since_rest":147271,"minecraft:damage_taken":2662,"minecraft:damage_dealt":18792,"minecraft:swim_one_cm":7935,"minecraft:fly_one_cm":343423,"minecraft:open_chest":15,"minecraft:crouch_one_cm":60515,"minecraft:use_cauldron":1,"minecraft:fall_one_cm":105986}},"DataVersion":3465}