{"stats":{"minecraft:killed":{"minecraft:cave_spider":2,"minecraft:pig":4,"minecraft:spider":2,"minecraft:creeper":7,"minecraft:skeleton":9,"minecraft:sheep":9,"minecraft:zombie":11,"minecraft:chicken":1,"minecraft:cow":2},"minecraft:broken":{"minecraft:stone_pickaxe":1,"minecraft:stone_sword":1,"minecraft:wooden_pickaxe":1},"minecraft:picked_up":{"minecraft:crafting_table":7,"minecraft:wheat":7,"minecraft:feather":4,"minecraft:chest_minecart":2,"minecraft:leather":3,"minecraft:brown_mushroom":1,"minecraft:enchanted_book":2,"minecraft:flint":2,"minecraft:gunpowder":7,"minecraft:lapis_lazuli":9,"minecraft:dirt":7,"minecraft:string":38,"minecraft:cooked_mutton":9,"minecraft:bone":9,"minecraft:activator_rail":1,"minecraft:bow":1,"minecraft:wheat_seeds":20,"minecraft:iron_ingot":2,"minecraft:beef":3,"minecraft:stone_pickaxe":1,"minecraft:cooked_chicken":2,"minecraft:light_gray_wool":1,"minecraft:chest":2,"minecraft:egg":1,"minecraft:furnace":5,"minecraft:stick":2,"minecraft:raw_iron":29,"minecraft:cooked_porkchop":16,"minecraft:sweet_berries":34,"minecraft:torch":23,"minecraft:dripstone_block":5,"minecraft:gravel":11,"minecraft:spruce_sapling":3,"minecraft:pointed_dripstone":6,"minecraft:spruce_log":43,"minecraft:redstone":2,"minecraft:spider_eye":2,"minecraft:beetroot_seeds":8,"minecraft:arrow":11,"minecraft:pumpkin_seeds":20,"minecraft:rotten_flesh":12,"minecraft:glow_berries":6,"minecraft:rail":8,"minecraft:melon_seeds":1,"minecraft:cobblestone":77,"minecraft:mutton":10,"minecraft:coal":103,"minecraft:white_wool":10},"minecraft:crafted":{"minecraft:cobblestone_slab":6,"minecraft:crafting_table":1,"minecraft:spruce_planks":36,"minecraft:wooden_pickaxe":1,"minecraft:iron_sword":1,"minecraft:furnace":1,"minecraft:bucket":1,"minecraft:bone_meal":9,"minecraft:stone_axe":1,"minecraft:cooked_mutton":7,"minecraft:bread":2,"minecraft:air":0,"minecraft:flint_and_steel":2,"minecraft:stick":56,"minecraft:iron_ingot":7,"minecraft:iron_pickaxe":1,"minecraft:stone_pickaxe":2,"minecraft:stone_sword":1,"minecraft:torch":64},"minecraft:killed_by":{"minecraft:player":1},"minecraft:mined":{"minecraft:cave_vines_plant":5,"minecraft:crafting_table":7,"minecraft:torch":13,"minecraft:grass_block":5,"minecraft:chest":2,"minecraft:cobblestone":4,"minecraft:spruce_leaves":12,"minecraft:lapis_ore":1,"minecraft:amethyst_block":2,"minecraft:wall_torch":6,"minecraft:spawner":5,"minecraft:furnace":5,"minecraft:iron_ore":29,"minecraft:fire":17,"minecraft:wheat":7,"minecraft:sweet_berry_bush":15,"minecraft:spruce_log":44,"minecraft:cave_vines":4,"minecraft:grass":3,"minecraft:pointed_dripstone":2,"minecraft:coal_ore":104,"minecraft:dirt_path":1,"minecraft:rail":1,"minecraft:gravel":13,"minecraft:dripstone_block":5,"minecraft:dirt":1,"minecraft:cobweb":34,"minecraft:stone":74,"minecraft:white_wool":1,"minecraft:fern":3},"minecraft:dropped":{"minecraft:enchanted_book":3,"minecraft:wheat_seeds":13,"minecraft:brown_mushroom":1,"minecraft:pointed_dripstone":3,"minecraft:feather":4,"minecraft:rotten_flesh":8,"minecraft:leather":3,"minecraft:chest_minecart":2,"minecraft:activator_rail":1,"minecraft:rail":7,"minecraft:pumpkin_seeds":22,"minecraft:gunpowder":11,"minecraft:beetroot_seeds":8,"minecraft:melon_seeds":5,"minecraft:chest":2,"minecraft:spider_eye":2,"minecraft:bone_meal":3,"minecraft:arrow":11,"minecraft:stone_pickaxe":1,"minecraft:string":50,"minecraft:egg":1,"minecraft:redstone":4,"minecraft:music_disc_cat":1},"minecraft:used":{"minecraft:wheat_seeds":7,"minecraft:cooked_mutton":9,"minecraft:stone_sword":116,"minecraft:flint_and_steel":17,"minecraft:stone_pickaxe":178,"minecraft:spruce_planks":1,"minecraft:wooden_pickaxe":61,"minecraft:iron_sword":49,"minecraft:cobblestone_slab":6,"minecraft:cooked_chicken":2,"minecraft:rotten_flesh":4,"minecraft:torch":67,"minecraft:glow_berries":3,"minecraft:dirt":7,"minecraft:rail":1,"minecraft:crafting_table":7,"minecraft:dripstone_block":5,"minecraft:bread":2,"minecraft:spruce_sapling":3,"minecraft:gravel":11,"minecraft:stone_axe":61,"minecraft:light_gray_wool":1,"minecraft:cobblestone":9,"minecraft:beef":3,"minecraft:sweet_berries":2,"minecraft:furnace":5,"minecraft:bucket":1,"minecraft:bone_meal":6,"minecraft:pointed_dripstone":3},"minecraft:custom":{"minecraft:interact_with_smithing_table":1,"minecraft:interact_with_furnace":17,"minecraft:mob_kills":49,"minecraft:interact_with_crafting_table":14,"minecraft:open_barrel":1,"minecraft:interact_with_loom":1,"minecraft:bell_ring":12,"minecraft:time_since_death":56145,"minecraft:sleep_in_bed":1,"minecraft:time_since_rest":45271,"minecraft:sprint_one_cm":117969,"minecraft:damage_taken":1277,"minecraft:walk_one_cm":292330,"minecraft:drop":83,"minecraft:damage_dealt":7386,"minecraft:fly_one_cm":77819,"minecraft:open_chest":5,"minecraft:crouch_one_cm":32444,"minecraft:play_time":57889,"minecraft:deaths":1,"minecraft:sneak_time":8379,"minecraft:walk_under_water_one_cm":190,"minecraft:jump":986,"minecraft:walk_on_water_one_cm":1550,"minecraft:total_world_time":57889,"minecraft:fall_one_cm":28969}},"DataVersion":3465}