{"stats":{"minecraft:killed":{"minecraft:cave_spider":3,"minecraft:spider":5,"minecraft:skeleton":20,"minecraft:chicken":1,"minecraft:pig":5,"minecraft:creeper":11,"minecraft:sheep":9,"minecraft:zombie":29,"minecraft:cow":7},"minecraft:broken":{"minecraft:stone_sword":1,"minecraft:wooden_pickaxe":1,"minecraft:stone_pickaxe":2,"minecraft:stone_axe":1,"minecraft:iron_sword":1},"minecraft:picked_up":{"minecraft:coarse_dirt":2,"minecraft:crafting_table":11,"minecraft:wheat":21,"minecraft:clay_ball":39,"minecraft:chest_minecart":2,"minecraft:brown_mushroom":1,"minecraft:enchanted_book":2,"minecraft:moss_carpet":5,"minecraft:string":95,"minecraft:activator_rail":1,"minecraft:cobbled_deepslate":14,"minecraft:beef":14,"minecraft:azalea":6,"minecraft:light_gray_wool":1,"minecraft:chest":2,"minecraft:furnace":6,"minecraft:egg":1,"minecraft:raw_iron":105,"minecraft:stick":2,"minecraft:big_dripleaf":19,"minecraft:torch":28,"minecraft:pointed_dripstone":6,"minecraft:diorite":3,"minecraft:redstone":2,"minecraft:arrow":18,"minecraft:rotten_flesh":31,"minecraft:tropical_fish":4,"minecraft:beetroot_seeds":8,"minecraft:glow_berries":91,"minecraft:mutton":10,"minecraft:white_wool":10,"minecraft:rail":8,"minecraft:cobblestone":87,"minecraft:feather":6,"minecraft:andesite":2,"minecraft:leather":9,"minecraft:flint":2,"minecraft:tuff":1,"minecraft:gunpowder":16,"minecraft:lapis_lazuli":28,"minecraft:dirt":15,"minecraft:cooked_mutton":9,"minecraft:bone":22,"minecraft:bow":2,"minecraft:wheat_seeds":54,"minecraft:raw_gold":26,"minecraft:iron_ingot":2,"minecraft:stone_pickaxe":1,"minecraft:cooked_chicken":3,"minecraft:moss_block":11,"minecraft:flowering_azalea":2,"minecraft:oak_planks":6,"minecraft:cooked_porkchop":19,"minecraft:sweet_berries":47,"minecraft:dripstone_block":5,"minecraft:gravel":11,"minecraft:spruce_sapling":5,"minecraft:spruce_log":43,"minecraft:spider_eye":2,"minecraft:pumpkin_seeds":20,"minecraft:diamond":7,"minecraft:granite":1,"minecraft:melon_seeds":1,"minecraft:coal":114},"minecraft:crafted":{"minecraft:cobblestone_slab":6,"minecraft:iron_nugget":9,"minecraft:furnace":1,"minecraft:bone_meal":9,"minecraft:cooked_mutton":7,"minecraft:flint_and_steel":2,"minecraft:iron_boots":1,"minecraft:stone_pickaxe":2,"minecraft:crafting_table":1,"minecraft:spruce_planks":44,"minecraft:iron_helmet":1,"minecraft:wooden_pickaxe":1,"minecraft:iron_sword":2,"minecraft:bucket":1,"minecraft:stone_axe":1,"minecraft:bread":6,"minecraft:air":0,"minecraft:iron_chestplate":1,"minecraft:diamond_pickaxe":1,"minecraft:shield":1,"minecraft:stick":68,"minecraft:iron_ingot":25,"minecraft:iron_pickaxe":1,"minecraft:stone_sword":1,"minecraft:iron_leggings":1,"minecraft:torch":64},"minecraft:killed_by":{"minecraft:player":1},"minecraft:mined":{"minecraft:tuff":1,"minecraft:deepslate_diamond_ore":7,"minecraft:sculk_vein":1,"minecraft:granite":1,"minecraft:cave_vines_plant":69,"minecraft:grass_block":7,"minecraft:spruce_leaves":17,"minecraft:moss_block":4,"minecraft:spawner":8,"minecraft:furnace":6,"minecraft:iron_ore":85,"minecraft:fire":27,"minecraft:andesite":2,"minecraft:deepslate_lapis_ore":3,"minecraft:big_dripleaf_stem":1,"minecraft:deepslate_iron_ore":21,"minecraft:pointed_dripstone":2,"minecraft:cave_vines":77,"minecraft:dirt_path":1,"minecraft:rail":1,"minecraft:azalea":3,"minecraft:stone":83,"minecraft:white_wool":1,"minecraft:flowering_azalea":3,"minecraft:clay":5,"minecraft:crafting_table":11,"minecraft:torch":16,"minecraft:chest":2,"minecraft:sculk_sensor":2,"minecraft:tall_grass":9,"minecraft:cobblestone":7,"minecraft:deepslate_gold_ore":26,"minecraft:lapis_ore":1,"minecraft:diorite":3,"minecraft:sculk":9,"minecraft:wall_torch":7,"minecraft:amethyst_block":2,"minecraft:coarse_dirt":2,"minecraft:wheat":22,"minecraft:sweet_berry_bush":22,"minecraft:spruce_log":44,"minecraft:grass":15,"minecraft:coal_ore":115,"minecraft:dripstone_block":5,"minecraft:gravel":13,"minecraft:dirt":7,"minecraft:cobweb":90,"minecraft:small_dripleaf":2,"minecraft:deepslate":15,"minecraft:fern":4},"minecraft:dropped":{"minecraft:enchanted_book":3,"minecraft:moss_block":1,"minecraft:brown_mushroom":1,"minecraft:wheat_seeds":20,"minecraft:feather":6,"minecraft:leather":8,"minecraft:chest_minecart":2,"minecraft:activator_rail":1,"minecraft:tropical_fish":4,"minecraft:rail":7,"minecraft:torch":1,"minecraft:bone_meal":3,"minecraft:string":107,"minecraft:music_disc_cat":1,"minecraft:spruce_sapling":2,"minecraft:redstone":4,"minecraft:moss_carpet":4,"minecraft:tuff":1,"minecraft:wheat":3,"minecraft:pointed_dripstone":3,"minecraft:rotten_flesh":22,"minecraft:clay_ball":39,"minecraft:pumpkin_seeds":22,"minecraft:big_dripleaf":18,"minecraft:gunpowder":20,"minecraft:spruce_planks":2,"minecraft:andesite":1,"minecraft:beetroot_seeds":8,"minecraft:melon_seeds":5,"minecraft:azalea":4,"minecraft:chest":2,"minecraft:spider_eye":2,"minecraft:arrow":16,"minecraft:bow":1,"minecraft:stone_pickaxe":1,"minecraft:egg":1},"minecraft:used":{"minecraft:azalea":2,"minecraft:moss_block":10,"minecraft:moss_carpet":1,"minecraft:stone_sword":116,"minecraft:flint_and_steel":27,"minecraft:spruce_planks":1,"minecraft:shield":18,"minecraft:iron_sword":273,"minecraft:rotten_flesh":9,"minecraft:cooked_chicken":2,"minecraft:torch":157,"minecraft:dirt":15,"minecraft:granite":1,"minecraft:axolotl_bucket":2,"minecraft:big_dripleaf":1,"minecraft:flowering_azalea":2,"minecraft:light_gray_wool":1,"minecraft:beef":3,"minecraft:sweet_berries":15,"minecraft:furnace":6,"minecraft:cobbled_deepslate":14,"minecraft:pointed_dripstone":3,"minecraft:wheat_seeds":9,"minecraft:cooked_mutton":9,"minecraft:water_bucket":11,"minecraft:diorite":3,"minecraft:stone_pickaxe":281,"minecraft:wooden_pickaxe":61,"minecraft:cobblestone_slab":6,"minecraft:glow_berries":71,"minecraft:rail":1,"minecraft:crafting_table":11,"minecraft:dripstone_block":5,"minecraft:bread":7,"minecraft:iron_pickaxe":92,"minecraft:spruce_sapling":3,"minecraft:gravel":11,"minecraft:stone_axe":96,"minecraft:cobblestone":65,"minecraft:andesite":1,"minecraft:bucket":14,"minecraft:coarse_dirt":2,"minecraft:bone_meal":6},"minecraft:custom":{"minecraft:interact_with_smithing_table":1,"minecraft:mob_kills":95,"minecraft:interact_with_crafting_table":21,"minecraft:open_barrel":1,"minecraft:bell_ring":12,"minecraft:time_since_death":128145,"minecraft:climb_one_cm":754,"minecraft:sprint_one_cm":338270,"minecraft:walk_one_cm":676821,"minecraft:damage_blocked_by_shield":510,"minecraft:drop":191,"minecraft:play_time":129889,"minecraft:deaths":1,"minecraft:sneak_time":15368,"minecraft:walk_under_water_one_cm":16620,"minecraft:jump":2756,"minecraft:walk_on_water_one_cm":20593,"minecraft:total_world_time":129889,"minecraft:interact_with_furnace":23,"minecraft:interact_with_loom":1,"minecraft:sleep_in_bed":1,"minecraft:time_since_rest":117271,"minecraft:damage_taken":2209,"minecraft:damage_dealt":16403,"minecraft:swim_one_cm":3266,"minecraft:fly_one_cm":230819,"minecraft:open_chest":13,"minecraft:crouch_one_cm":54075,"minecraft:fall_one_cm":76222}},"DataVersion":3465}