{"stats":{"minecraft:killed":{"minecraft:cave_spider":1,"minecraft:pig":4,"minecraft:spider":1,"minecraft:creeper":3,"minecraft:skeleton":3,"minecraft:sheep":9,"minecraft:zombie":5,"minecraft:chicken":1,"minecraft:cow":2},"minecraft:broken":{"minecraft:stone_pickaxe":1,"minecraft:wooden_pickaxe":1},"minecraft:picked_up":{"minecraft:crafting_table":6,"minecraft:wheat":7,"minecraft:feather":4,"minecraft:leather":3,"minecraft:brown_mushroom":1,"minecraft:enchanted_book":2,"minecraft:flint":2,"minecraft:gunpowder":4,"minecraft:dirt":7,"minecraft:string":17,"minecraft:cooked_mutton":9,"minecraft:bone":2,"minecraft:wheat_seeds":20,"minecraft:iron_ingot":1,"minecraft:beef":3,"minecraft:stone_pickaxe":1,"minecraft:cooked_chicken":2,"minecraft:light_gray_wool":1,"minecraft:chest":2,"minecraft:egg":1,"minecraft:furnace":4,"minecraft:stick":2,"minecraft:raw_iron":9,"minecraft:cooked_porkchop":16,"minecraft:sweet_berries":34,"minecraft:torch":17,"minecraft:dripstone_block":5,"minecraft:gravel":11,"minecraft:spruce_sapling":3,"minecraft:pointed_dripstone":6,"minecraft:spruce_log":43,"minecraft:redstone":2,"minecraft:arrow":3,"minecraft:pumpkin_seeds":10,"minecraft:rotten_flesh":7,"minecraft:rail":1,"minecraft:melon_seeds":1,"minecraft:cobblestone":72,"minecraft:mutton":10,"minecraft:coal":103,"minecraft:white_wool":10},"minecraft:crafted":{"minecraft:cobblestone_slab":6,"minecraft:crafting_table":1,"minecraft:spruce_planks":36,"minecraft:wooden_pickaxe":1,"minecraft:iron_sword":1,"minecraft:furnace":1,"minecraft:bone_meal":9,"minecraft:stone_axe":1,"minecraft:cooked_mutton":7,"minecraft:bread":2,"minecraft:air":0,"minecraft:flint_and_steel":2,"minecraft:stick":56,"minecraft:iron_ingot":7,"minecraft:iron_pickaxe":1,"minecraft:stone_pickaxe":2,"minecraft:stone_sword":1,"minecraft:torch":64},"minecraft:killed_by":{"minecraft:player":1},"minecraft:mined":{"minecraft:crafting_table":6,"minecraft:torch":9,"minecraft:grass_block":5,"minecraft:chest":2,"minecraft:cobblestone":4,"minecraft:spruce_leaves":12,"minecraft:wall_torch":5,"minecraft:spawner":2,"minecraft:furnace":4,"minecraft:iron_ore":9,"minecraft:fire":16,"minecraft:wheat":7,"minecraft:sweet_berry_bush":15,"minecraft:spruce_log":44,"minecraft:grass":3,"minecraft:pointed_dripstone":2,"minecraft:coal_ore":104,"minecraft:dirt_path":1,"minecraft:rail":1,"minecraft:gravel":13,"minecraft:dripstone_block":5,"minecraft:dirt":1,"minecraft:cobweb":15,"minecraft:stone":69,"minecraft:white_wool":1,"minecraft:fern":3},"minecraft:dropped":{"minecraft:enchanted_book":3,"minecraft:wheat_seeds":13,"minecraft:brown_mushroom":1,"minecraft:pointed_dripstone":3,"minecraft:feather":4,"minecraft:rotten_flesh":3,"minecraft:pumpkin_seeds":12,"minecraft:gunpowder":2,"minecraft:melon_seeds":5,"minecraft:chest":2,"minecraft:bone_meal":3,"minecraft:arrow":3,"minecraft:stone_pickaxe":1,"minecraft:string":29,"minecraft:egg":1,"minecraft:redstone":4,"minecraft:music_disc_cat":1},"minecraft:used":{"minecraft:wheat_seeds":7,"minecraft:cooked_mutton":2,"minecraft:stone_sword":101,"minecraft:flint_and_steel":16,"minecraft:stone_pickaxe":144,"minecraft:spruce_planks":1,"minecraft:wooden_pickaxe":61,"minecraft:cobblestone_slab":6,"minecraft:cooked_chicken":2,"minecraft:rotten_flesh":4,"minecraft:torch":37,"minecraft:glow_berries":3,"minecraft:dirt":7,"minecraft:rail":1,"minecraft:crafting_table":6,"minecraft:dripstone_block":5,"minecraft:bread":2,"minecraft:spruce_sapling":3,"minecraft:gravel":11,"minecraft:stone_axe":40,"minecraft:light_gray_wool":1,"minecraft:cobblestone":5,"minecraft:beef":3,"minecraft:sweet_berries":2,"minecraft:furnace":4,"minecraft:bone_meal":6,"minecraft:pointed_dripstone":3},"minecraft:custom":{"minecraft:interact_with_smithing_table":1,"minecraft:interact_with_furnace":16,"minecraft:mob_kills":31,"minecraft:interact_with_crafting_table":13,"minecraft:open_barrel":1,"minecraft:interact_with_loom":1,"minecraft:bell_ring":12,"minecraft:time_since_death":44145,"minecraft:sleep_in_bed":1,"minecraft:time_since_rest":33271,"minecraft:sprint_one_cm":85508,"minecraft:damage_taken":792,"minecraft:walk_one_cm":201465,"minecraft:drop":60,"minecraft:damage_dealt":3976,"minecraft:fly_one_cm":72733,"minecraft:open_chest":5,"minecraft:crouch_one_cm":26520,"minecraft:play_time":45889,"minecraft:deaths":1,"minecraft:sneak_time":7233,"minecraft:walk_under_water_one_cm":190,"minecraft:jump":881,"minecraft:walk_on_water_one_cm":662,"minecraft:total_world_time":45889,"minecraft:fall_one_cm":28431}},"DataVersion":3465}