{"stats":{"minecraft:killed":{"minecraft:spider":2,"minecraft:slime":15,"minecraft:skeleton":5,"minecraft:zombie":6},"minecraft:broken":{"minecraft:stone_pickaxe":2},"minecraft:picked_up":{"minecraft:crafting_table":1,"minecraft:andesite":10,"minecraft:flint":1,"minecraft:amethyst_block":14,"minecraft:string":4,"minecraft:lapis_lazuli":52,"minecraft:dirt":22,"minecraft:raw_copper":40,"minecraft:wooden_sword":1,"minecraft:bone":6,"minecraft:cobbled_deepslate":10,"minecraft:raw_gold":22,"minecraft:iron_ingot":2,"minecraft:chest":1,"minecraft:raw_iron":51,"minecraft:sweet_berries":34,"minecraft:torch":5,"minecraft:gravel":11,"minecraft:dripstone_block":11,"minecraft:amethyst_shard":16,"minecraft:pointed_dripstone":35,"minecraft:diorite":3,"minecraft:spruce_log":36,"minecraft:redstone":41,"minecraft:spider_eye":2,"minecraft:pumpkin_seeds":3,"minecraft:arrow":8,"minecraft:rotten_flesh":6,"minecraft:slime_ball":11,"minecraft:granite":3,"minecraft:bread":5,"minecraft:melon_seeds":5,"minecraft:coal":86,"minecraft:cobblestone":76},"minecraft:crafted":{"minecraft:crafting_table":3,"minecraft:spruce_planks":144,"minecraft:wooden_pickaxe":1,"minecraft:iron_helmet":1,"minecraft:furnace":1,"minecraft:bucket":2,"minecraft:air":0,"minecraft:iron_boots":1,"minecraft:iron_chestplate":1,"minecraft:iron_axe":1,"minecraft:iron_hoe":1,"minecraft:stick":128,"minecraft:iron_ingot":36,"minecraft:iron_pickaxe":1,"minecraft:stone_pickaxe":3,"minecraft:stone_sword":1,"minecraft:gold_ingot":12,"minecraft:iron_leggings":1,"minecraft:torch":144},"minecraft:dropped":{"minecraft:stone_sword":1,"minecraft:iron_hoe":1,"minecraft:pumpkin_seeds":2,"minecraft:melon_seeds":1,"minecraft:wooden_sword":1,"minecraft:wooden_pickaxe":1},"minecraft:mined":{"minecraft:deepslate_redstone_ore":1,"minecraft:large_amethyst_bud":1,"minecraft:medium_amethyst_bud":5,"minecraft:amethyst_cluster":4,"minecraft:crafting_table":1,"minecraft:torch":3,"minecraft:granite":3,"minecraft:budding_amethyst":2,"minecraft:grass_block":3,"minecraft:chest":1,"minecraft:copper_ore":13,"minecraft:cobblestone":1,"minecraft:spruce_leaves":14,"minecraft:lapis_ore":5,"minecraft:deepslate_gold_ore":6,"minecraft:diorite":3,"minecraft:wall_torch":2,"minecraft:amethyst_block":14,"minecraft:redstone_ore":8,"minecraft:iron_ore":44,"minecraft:sweet_berry_bush":8,"minecraft:spruce_log":38,"minecraft:andesite":10,"minecraft:deepslate_lapis_ore":3,"minecraft:pointed_dripstone":15,"minecraft:coal_ore":87,"minecraft:deepslate_iron_ore":7,"minecraft:small_amethyst_bud":2,"minecraft:gravel":12,"minecraft:dripstone_block":11,"minecraft:dirt":7,"minecraft:stone":68,"minecraft:gold_ore":16,"minecraft:deepslate":10,"minecraft:fern":1},"minecraft:used":{"minecraft:diorite":3,"minecraft:stone_sword":24,"minecraft:stone_pickaxe":264,"minecraft:chest":1,"minecraft:wooden_pickaxe":5,"minecraft:rotten_flesh":5,"minecraft:torch":132,"minecraft:dirt":14,"minecraft:crafting_table":4,"minecraft:iron_hoe":6,"minecraft:iron_axe":80,"minecraft:bread":5,"minecraft:iron_pickaxe":93,"minecraft:gravel":3,"minecraft:melon_seeds":3,"minecraft:wooden_sword":21,"minecraft:cobblestone":4,"minecraft:sweet_berries":34,"minecraft:furnace":1,"minecraft:andesite":1,"minecraft:bucket":2,"minecraft:cobbled_deepslate":2},"minecraft:custom":{"minecraft:interact_with_furnace":18,"minecraft:mob_kills":28,"minecraft:interact_with_crafting_table":22,"minecraft:open_barrel":1,"minecraft:time_since_death":56456,"minecraft:time_since_rest":56456,"minecraft:sprint_one_cm":38720,"minecraft:damage_taken":767,"minecraft:walk_one_cm":374778,"minecraft:drop":7,"minecraft:damage_dealt":3342,"minecraft:talked_to_villager":1,"minecraft:fly_one_cm":21880,"minecraft:open_chest":9,"minecraft:crouch_one_cm":374,"minecraft:play_time":56456,"minecraft:sneak_time":236,"minecraft:jump":765,"minecraft:walk_on_water_one_cm":4494,"minecraft:total_world_time":56456,"minecraft:fall_one_cm":13678}},"DataVersion":3465}