{"stats":{"minecraft:killed":{"minecraft:spider":3,"minecraft:slime":15,"minecraft:skeleton":14,"minecraft:creeper":1,"minecraft:zombie":18},"minecraft:broken":{"minecraft:stone_pickaxe":5,"minecraft:iron_axe":1},"minecraft:picked_up":{"minecraft:crafting_table":4,"minecraft:amethyst_block":14,"minecraft:string":4,"minecraft:raw_copper":40,"minecraft:wooden_sword":1,"minecraft:cobbled_deepslate":298,"minecraft:spruce_planks":42,"minecraft:melon_slice":18,"minecraft:chest":3,"minecraft:furnace":2,"minecraft:raw_iron":101,"minecraft:stick":10,"minecraft:torch":27,"minecraft:spruce_stairs":8,"minecraft:pointed_dripstone":61,"minecraft:diorite":3,"minecraft:carrot":1,"minecraft:redstone":144,"minecraft:arrow":18,"minecraft:rotten_flesh":19,"minecraft:gold_ingot":12,"minecraft:cobblestone":91,"minecraft:andesite":10,"minecraft:flint":4,"minecraft:tuff":20,"minecraft:cobblestone_wall":4,"minecraft:lapis_lazuli":128,"minecraft:dirt":156,"minecraft:bone":17,"minecraft:wheat_seeds":1,"minecraft:raw_gold":67,"minecraft:iron_ingot":2,"minecraft:sweet_berries":105,"minecraft:dripstone_block":29,"minecraft:gravel":39,"minecraft:amethyst_shard":16,"minecraft:spruce_sapling":14,"minecraft:spruce_log":85,"minecraft:spider_eye":2,"minecraft:spruce_door":5,"minecraft:pumpkin_seeds":4,"minecraft:slime_ball":22,"minecraft:granite":3,"minecraft:bread":5,"minecraft:melon_seeds":6,"minecraft:coal":146},"minecraft:crafted":{"minecraft:spyglass":1,"minecraft:furnace":2,"minecraft:spruce_fence":15,"minecraft:spruce_stairs":16,"minecraft:iron_boots":1,"minecraft:iron_axe":1,"minecraft:iron_hoe":1,"minecraft:stone_pickaxe":6,"minecraft:cobblestone_wall":18,"minecraft:chest":4,"minecraft:cauldron":1,"minecraft:crafting_table":4,"minecraft:spruce_planks":184,"minecraft:wooden_pickaxe":1,"minecraft:iron_helmet":1,"minecraft:spruce_door":3,"minecraft:copper_ingot":40,"minecraft:bucket":2,"minecraft:air":0,"minecraft:iron_chestplate":1,"minecraft:shield":1,"minecraft:stick":128,"minecraft:iron_ingot":55,"minecraft:iron_pickaxe":1,"minecraft:stone_sword":1,"minecraft:iron_shovel":1,"minecraft:iron_leggings":1,"minecraft:gold_ingot":22,"minecraft:torch":228},"minecraft:dropped":{"minecraft:granite":3,"minecraft:spruce_door":2,"minecraft:wooden_sword":1,"minecraft:spruce_sapling":1,"minecraft:gravel":8,"minecraft:stone_sword":1,"minecraft:cobbled_deepslate":8,"minecraft:cobblestone_wall":18,"minecraft:iron_hoe":1,"minecraft:pumpkin_seeds":3,"minecraft:spruce_planks":38,"minecraft:andesite":9,"minecraft:melon_seeds":1,"minecraft:wooden_pickaxe":1},"minecraft:mined":{"minecraft:large_amethyst_bud":1,"minecraft:tuff":22,"minecraft:spruce_planks":4,"minecraft:granite":3,"minecraft:budding_amethyst":2,"minecraft:grass_block":113,"minecraft:spruce_leaves":31,"minecraft:large_fern":3,"minecraft:redstone_ore":8,"minecraft:furnace":2,"minecraft:iron_ore":48,"minecraft:andesite":10,"minecraft:deepslate_lapis_ore":10,"minecraft:pointed_dripstone":16,"minecraft:deepslate_iron_ore":53,"minecraft:small_amethyst_bud":2,"minecraft:stone":75,"minecraft:deepslate_redstone_ore":16,"minecraft:medium_amethyst_bud":5,"minecraft:amethyst_cluster":4,"minecraft:spruce_door":2,"minecraft:crafting_table":4,"minecraft:torch":22,"minecraft:melon":3,"minecraft:chest":3,"minecraft:copper_ore":13,"minecraft:cobblestone":10,"minecraft:deepslate_gold_ore":51,"minecraft:lapis_ore":5,"minecraft:diorite":3,"minecraft:wall_torch":2,"minecraft:amethyst_block":14,"minecraft:spruce_stairs":8,"minecraft:cobblestone_wall":4,"minecraft:sweet_berry_bush":23,"minecraft:spruce_log":88,"minecraft:grass":1,"minecraft:coal_ore":109,"minecraft:dirt":21,"minecraft:gravel":25,"minecraft:dripstone_block":19,"minecraft:gold_ore":16,"minecraft:deepslate":332,"minecraft:fern":3},"minecraft:used":{"minecraft:stone_sword":24,"minecraft:iron_shovel":154,"minecraft:chest":7,"minecraft:shield":21,"minecraft:spruce_planks":8,"minecraft:rotten_flesh":9,"minecraft:torch":255,"minecraft:dirt":156,"minecraft:spyglass":8,"minecraft:spruce_stairs":18,"minecraft:cobblestone_wall":4,"minecraft:spruce_fence":2,"minecraft:iron_hoe":6,"minecraft:lava_bucket":1,"minecraft:iron_axe":176,"minecraft:melon_seeds":3,"minecraft:sweet_berries":78,"minecraft:furnace":4,"minecraft:cobbled_deepslate":2,"minecraft:pointed_dripstone":1,"minecraft:water_bucket":3,"minecraft:diorite":3,"minecraft:spruce_door":6,"minecraft:stone_pickaxe":673,"minecraft:wooden_pickaxe":5,"minecraft:cauldron":1,"minecraft:crafting_table":8,"minecraft:dripstone_block":13,"minecraft:spruce_log":13,"minecraft:bread":5,"minecraft:iron_pickaxe":203,"minecraft:gravel":3,"minecraft:wooden_sword":21,"minecraft:cobblestone":46,"minecraft:bucket":6,"minecraft:andesite":1},"minecraft:custom":{"minecraft:mob_kills":54,"minecraft:interact_with_crafting_table":44,"minecraft:open_barrel":2,"minecraft:time_since_death":134456,"minecraft:sprint_one_cm":92918,"minecraft:walk_one_cm":843793,"minecraft:damage_blocked_by_shield":580,"minecraft:drop":18,"minecraft:talked_to_villager":2,"minecraft:play_time":134456,"minecraft:sneak_time":870,"minecraft:jump":1646,"minecraft:walk_on_water_one_cm":8604,"minecraft:total_world_time":134456,"minecraft:interact_with_furnace":41,"minecraft:time_since_rest":134456,"minecraft:damage_taken":1085,"minecraft:damage_dealt":7762,"minecraft:fly_one_cm":43786,"minecraft:open_chest":23,"minecraft:crouch_one_cm":655,"minecraft:fall_one_cm":28246}},"DataVersion":3465}