{"stats":{"minecraft:killed":{"minecraft:slime":15,"minecraft:skeleton":3,"minecraft:zombie":3},"minecraft:broken":{"minecraft:stone_pickaxe":1},"minecraft:picked_up":{"minecraft:crafting_table":1,"minecraft:andesite":10,"minecraft:flint":1,"minecraft:lapis_lazuli":31,"minecraft:dirt":22,"minecraft:raw_copper":40,"minecraft:wooden_sword":1,"minecraft:bone":5,"minecraft:cobbled_deepslate":2,"minecraft:raw_gold":12,"minecraft:iron_ingot":2,"minecraft:chest":1,"minecraft:raw_iron":42,"minecraft:sweet_berries":34,"minecraft:torch":4,"minecraft:gravel":11,"minecraft:dripstone_block":9,"minecraft:pointed_dripstone":24,"minecraft:diorite":3,"minecraft:spruce_log":36,"minecraft:redstone":37,"minecraft:pumpkin_seeds":3,"minecraft:arrow":6,"minecraft:rotten_flesh":5,"minecraft:slime_ball":11,"minecraft:granite":3,"minecraft:bread":5,"minecraft:melon_seeds":5,"minecraft:coal":86,"minecraft:cobblestone":67},"minecraft:crafted":{"minecraft:crafting_table":3,"minecraft:spruce_planks":144,"minecraft:wooden_pickaxe":1,"minecraft:iron_helmet":1,"minecraft:furnace":1,"minecraft:bucket":2,"minecraft:air":0,"minecraft:iron_chestplate":1,"minecraft:iron_axe":1,"minecraft:iron_hoe":1,"minecraft:stick":128,"minecraft:iron_ingot":32,"minecraft:iron_pickaxe":1,"minecraft:stone_pickaxe":2,"minecraft:stone_sword":1,"minecraft:iron_leggings":1,"minecraft:torch":144},"minecraft:mined":{"minecraft:crafting_table":1,"minecraft:torch":2,"minecraft:granite":3,"minecraft:grass_block":3,"minecraft:chest":1,"minecraft:copper_ore":13,"minecraft:cobblestone":1,"minecraft:spruce_leaves":14,"minecraft:lapis_ore":5,"minecraft:deepslate_gold_ore":6,"minecraft:diorite":3,"minecraft:wall_torch":2,"minecraft:redstone_ore":8,"minecraft:iron_ore":38,"minecraft:sweet_berry_bush":8,"minecraft:spruce_log":38,"minecraft:andesite":10,"minecraft:pointed_dripstone":11,"minecraft:coal_ore":87,"minecraft:deepslate_iron_ore":4,"minecraft:gravel":12,"minecraft:dripstone_block":9,"minecraft:dirt":7,"minecraft:stone":59,"minecraft:gold_ore":6,"minecraft:deepslate":2,"minecraft:fern":1},"minecraft:dropped":{"minecraft:stone_sword":1,"minecraft:iron_hoe":1,"minecraft:pumpkin_seeds":2,"minecraft:melon_seeds":1,"minecraft:wooden_sword":1},"minecraft:used":{"minecraft:diorite":3,"minecraft:stone_sword":24,"minecraft:stone_pickaxe":247,"minecraft:chest":1,"minecraft:wooden_pickaxe":5,"minecraft:rotten_flesh":5,"minecraft:torch":81,"minecraft:dirt":13,"minecraft:crafting_table":4,"minecraft:iron_hoe":6,"minecraft:iron_axe":58,"minecraft:bread":5,"minecraft:iron_pickaxe":36,"minecraft:gravel":3,"minecraft:melon_seeds":3,"minecraft:wooden_sword":21,"minecraft:cobblestone":1,"minecraft:sweet_berries":24,"minecraft:furnace":1,"minecraft:andesite":1,"minecraft:bucket":1,"minecraft:cobbled_deepslate":2},"minecraft:custom":{"minecraft:interact_with_furnace":12,"minecraft:mob_kills":21,"minecraft:interact_with_crafting_table":20,"minecraft:open_barrel":1,"minecraft:time_since_death":44456,"minecraft:time_since_rest":44456,"minecraft:sprint_one_cm":18791,"minecraft:damage_taken":578,"minecraft:walk_one_cm":287874,"minecraft:drop":6,"minecraft:damage_dealt":1931,"minecraft:talked_to_villager":1,"minecraft:fly_one_cm":11742,"minecraft:open_chest":6,"minecraft:crouch_one_cm":374,"minecraft:play_time":44456,"minecraft:sneak_time":236,"minecraft:jump":550,"minecraft:walk_on_water_one_cm":3360,"minecraft:total_world_time":44456,"minecraft:fall_one_cm":9785}},"DataVersion":3465}