{"stats":{"minecraft:killed":{"minecraft:skeleton":3,"minecraft:zombie":2},"minecraft:broken":{"minecraft:stone_pickaxe":1},"minecraft:picked_up":{"minecraft:crafting_table":1,"minecraft:andesite":1,"minecraft:dirt":13,"minecraft:raw_copper":40,"minecraft:wooden_sword":1,"minecraft:bone":5,"minecraft:raw_gold":3,"minecraft:iron_ingot":2,"minecraft:chest":1,"minecraft:raw_iron":20,"minecraft:sweet_berries":34,"minecraft:torch":1,"minecraft:dripstone_block":9,"minecraft:pointed_dripstone":23,"minecraft:diorite":3,"minecraft:spruce_log":8,"minecraft:pumpkin_seeds":3,"minecraft:arrow":6,"minecraft:rotten_flesh":3,"minecraft:granite":3,"minecraft:bread":5,"minecraft:melon_seeds":5,"minecraft:coal":84,"minecraft:cobblestone":35},"minecraft:crafted":{"minecraft:crafting_table":3,"minecraft:spruce_planks":32,"minecraft:wooden_pickaxe":1,"minecraft:furnace":1,"minecraft:bucket":1,"minecraft:iron_axe":1,"minecraft:iron_hoe":1,"minecraft:stick":32,"minecraft:iron_ingot":10,"minecraft:iron_pickaxe":1,"minecraft:stone_pickaxe":2,"minecraft:stone_sword":1,"minecraft:torch":76},"minecraft:mined":{"minecraft:crafting_table":1,"minecraft:torch":1,"minecraft:granite":3,"minecraft:grass_block":1,"minecraft:chest":1,"minecraft:copper_ore":13,"minecraft:cobblestone":1,"minecraft:spruce_leaves":4,"minecraft:diorite":3,"minecraft:iron_ore":20,"minecraft:sweet_berry_bush":6,"minecraft:spruce_log":9,"minecraft:andesite":1,"minecraft:pointed_dripstone":11,"minecraft:coal_ore":85,"minecraft:dripstone_block":9,"minecraft:stone":27,"minecraft:gold_ore":3,"minecraft:fern":1},"minecraft:dropped":{"minecraft:stone_sword":1,"minecraft:iron_hoe":1,"minecraft:pumpkin_seeds":2,"minecraft:melon_seeds":1,"minecraft:wooden_sword":1},"minecraft:used":{"minecraft:stone_sword":24,"minecraft:stone_pickaxe":168,"minecraft:wooden_pickaxe":5,"minecraft:rotten_flesh":1,"minecraft:torch":70,"minecraft:dirt":13,"minecraft:crafting_table":4,"minecraft:iron_hoe":6,"minecraft:iron_axe":8,"minecraft:bread":5,"minecraft:iron_pickaxe":3,"minecraft:melon_seeds":3,"minecraft:wooden_sword":21,"minecraft:cobblestone":1,"minecraft:sweet_berries":22,"minecraft:furnace":1,"minecraft:andesite":1,"minecraft:bucket":1},"minecraft:custom":{"minecraft:interact_with_furnace":8,"minecraft:mob_kills":5,"minecraft:interact_with_crafting_table":14,"minecraft:open_barrel":1,"minecraft:time_since_death":32456,"minecraft:time_since_rest":32456,"minecraft:sprint_one_cm":17563,"minecraft:damage_taken":533,"minecraft:walk_one_cm":217620,"minecraft:drop":6,"minecraft:damage_dealt":1339,"minecraft:talked_to_villager":1,"minecraft:fly_one_cm":10923,"minecraft:open_chest":1,"minecraft:crouch_one_cm":374,"minecraft:play_time":32456,"minecraft:sneak_time":236,"minecraft:jump":383,"minecraft:walk_on_water_one_cm":522,"minecraft:total_world_time":32456,"minecraft:fall_one_cm":7775}},"DataVersion":3465}