{"stats":{"minecraft:picked_up":{"minecraft:wooden_sword":1,"minecraft:crafting_table":1,"minecraft:andesite":1,"minecraft:spruce_log":8,"minecraft:coal":12,"minecraft:chest":1,"minecraft:dirt":12,"minecraft:cobblestone":16},"minecraft:crafted":{"minecraft:furnace":1,"minecraft:crafting_table":1,"minecraft:spruce_planks":32,"minecraft:stick":4,"minecraft:stone_pickaxe":1,"minecraft:wooden_pickaxe":1},"minecraft:mined":{"minecraft:coal_ore":12,"minecraft:chest":1,"minecraft:spruce_leaves":2,"minecraft:spruce_log":9,"minecraft:stone":16,"minecraft:andesite":1,"minecraft:crafting_table":1},"minecraft:used":{"minecraft:wooden_sword":15,"minecraft:dirt":11,"minecraft:crafting_table":1,"minecraft:stone_pickaxe":26,"minecraft:andesite":1,"minecraft:wooden_pickaxe":3},"minecraft:custom":{"minecraft:open_barrel":1,"minecraft:time_since_rest":8456,"minecraft:open_chest":1,"minecraft:crouch_one_cm":374,"minecraft:play_time":8456,"minecraft:sprint_one_cm":7804,"minecraft:damage_taken":148,"minecraft:walk_one_cm":46620,"minecraft:sneak_time":213,"minecraft:jump":108,"minecraft:damage_dealt":206,"minecraft:time_since_death":8456,"minecraft:total_world_time":8456,"minecraft:interact_with_crafting_table":3,"minecraft:fall_one_cm":3499,"minecraft:fly_one_cm":7041}},"DataVersion":3465}