{"stats":{"minecraft:killed":{"minecraft:spider":2,"minecraft:slime":15,"minecraft:creeper":1,"minecraft:skeleton":6,"minecraft:zombie":7},"minecraft:broken":{"minecraft:stone_pickaxe":2},"minecraft:picked_up":{"minecraft:crafting_table":3,"minecraft:andesite":10,"minecraft:flint":2,"minecraft:cobblestone_wall":4,"minecraft:amethyst_block":14,"minecraft:string":4,"minecraft:lapis_lazuli":83,"minecraft:dirt":156,"minecraft:raw_copper":40,"minecraft:wooden_sword":1,"minecraft:bone":7,"minecraft:wheat_seeds":1,"minecraft:cobbled_deepslate":10,"minecraft:raw_gold":22,"minecraft:spruce_planks":39,"minecraft:iron_ingot":2,"minecraft:chest":3,"minecraft:furnace":2,"minecraft:stick":10,"minecraft:raw_iron":55,"minecraft:sweet_berries":92,"minecraft:spruce_stairs":8,"minecraft:torch":5,"minecraft:gravel":11,"minecraft:dripstone_block":28,"minecraft:amethyst_shard":16,"minecraft:spruce_sapling":14,"minecraft:pointed_dripstone":60,"minecraft:diorite":3,"minecraft:spruce_log":85,"minecraft:redstone":78,"minecraft:spruce_door":5,"minecraft:spider_eye":2,"minecraft:pumpkin_seeds":4,"minecraft:arrow":9,"minecraft:rotten_flesh":6,"minecraft:slime_ball":22,"minecraft:granite":3,"minecraft:gold_ingot":12,"minecraft:bread":5,"minecraft:melon_seeds":6,"minecraft:coal":146,"minecraft:cobblestone":91},"minecraft:crafted":{"minecraft:cauldron":1,"minecraft:spyglass":1,"minecraft:crafting_table":3,"minecraft:spruce_planks":180,"minecraft:wooden_pickaxe":1,"minecraft:iron_helmet":1,"minecraft:spruce_door":3,"minecraft:furnace":2,"minecraft:copper_ingot":2,"minecraft:bucket":2,"minecraft:spruce_fence":15,"minecraft:air":0,"minecraft:spruce_stairs":16,"minecraft:iron_boots":1,"minecraft:iron_chestplate":1,"minecraft:shield":1,"minecraft:iron_axe":1,"minecraft:iron_hoe":1,"minecraft:stick":128,"minecraft:cobblestone_wall":18,"minecraft:iron_ingot":55,"minecraft:iron_pickaxe":1,"minecraft:stone_pickaxe":3,"minecraft:stone_sword":1,"minecraft:chest":3,"minecraft:iron_shovel":1,"minecraft:gold_ingot":22,"minecraft:iron_leggings":1,"minecraft:torch":228},"minecraft:mined":{"minecraft:deepslate_redstone_ore":1,"minecraft:large_amethyst_bud":1,"minecraft:spruce_planks":1,"minecraft:medium_amethyst_bud":5,"minecraft:amethyst_cluster":4,"minecraft:spruce_door":2,"minecraft:crafting_table":3,"minecraft:torch":3,"minecraft:granite":3,"minecraft:budding_amethyst":2,"minecraft:grass_block":113,"minecraft:chest":3,"minecraft:copper_ore":13,"minecraft:cobblestone":10,"minecraft:spruce_leaves":31,"minecraft:lapis_ore":5,"minecraft:deepslate_gold_ore":6,"minecraft:diorite":3,"minecraft:wall_torch":2,"minecraft:amethyst_block":14,"minecraft:large_fern":3,"minecraft:spruce_stairs":8,"minecraft:redstone_ore":8,"minecraft:furnace":2,"minecraft:cobblestone_wall":4,"minecraft:iron_ore":48,"minecraft:sweet_berry_bush":18,"minecraft:spruce_log":88,"minecraft:andesite":10,"minecraft:deepslate_lapis_ore":3,"minecraft:grass":1,"minecraft:pointed_dripstone":16,"minecraft:coal_ore":109,"minecraft:deepslate_iron_ore":7,"minecraft:small_amethyst_bud":2,"minecraft:gravel":12,"minecraft:dripstone_block":19,"minecraft:dirt":21,"minecraft:stone":75,"minecraft:gold_ore":16,"minecraft:deepslate":10,"minecraft:fern":3},"minecraft:dropped":{"minecraft:gravel":8,"minecraft:cobblestone_wall":18,"minecraft:stone_sword":1,"minecraft:cobbled_deepslate":8,"minecraft:iron_hoe":1,"minecraft:granite":3,"minecraft:spruce_door":2,"minecraft:pumpkin_seeds":3,"minecraft:spruce_planks":38,"minecraft:andesite":9,"minecraft:melon_seeds":1,"minecraft:wooden_sword":1,"minecraft:wooden_pickaxe":1,"minecraft:spruce_sapling":1},"minecraft:used":{"minecraft:diorite":3,"minecraft:stone_sword":24,"minecraft:iron_shovel":102,"minecraft:spruce_door":6,"minecraft:stone_pickaxe":290,"minecraft:spruce_planks":8,"minecraft:shield":1,"minecraft:chest":6,"minecraft:wooden_pickaxe":5,"minecraft:cauldron":1,"minecraft:rotten_flesh":6,"minecraft:torch":143,"minecraft:dirt":156,"minecraft:spyglass":6,"minecraft:crafting_table":6,"minecraft:cobblestone_wall":4,"minecraft:spruce_stairs":18,"minecraft:dripstone_block":13,"minecraft:spruce_fence":2,"minecraft:spruce_log":13,"minecraft:iron_hoe":6,"minecraft:iron_axe":149,"minecraft:bread":5,"minecraft:iron_pickaxe":125,"minecraft:gravel":3,"minecraft:melon_seeds":3,"minecraft:wooden_sword":21,"minecraft:cobblestone":46,"minecraft:sweet_berries":54,"minecraft:furnace":4,"minecraft:andesite":1,"minecraft:bucket":2,"minecraft:cobbled_deepslate":2,"minecraft:pointed_dripstone":1},"minecraft:custom":{"minecraft:interact_with_furnace":38,"minecraft:mob_kills":31,"minecraft:interact_with_crafting_table":40,"minecraft:open_barrel":1,"minecraft:time_since_death":92456,"minecraft:time_since_rest":92456,"minecraft:sprint_one_cm":47940,"minecraft:damage_taken":847,"minecraft:walk_one_cm":599666,"minecraft:damage_blocked_by_shield":30,"minecraft:drop":18,"minecraft:damage_dealt":3991,"minecraft:talked_to_villager":1,"minecraft:fly_one_cm":26997,"minecraft:open_chest":19,"minecraft:crouch_one_cm":607,"minecraft:play_time":92456,"minecraft:sneak_time":471,"minecraft:jump":1279,"minecraft:walk_on_water_one_cm":5133,"minecraft:total_world_time":92456,"minecraft:fall_one_cm":19134}},"DataVersion":3465}