{"stats":{"minecraft:killed":{"minecraft:skeleton":1,"minecraft:zombie":1},"minecraft:picked_up":{"minecraft:crafting_table":1,"minecraft:sweet_berries":34,"minecraft:andesite":1,"minecraft:dripstone_block":7,"minecraft:pointed_dripstone":15,"minecraft:spruce_log":8,"minecraft:rotten_flesh":1,"minecraft:raw_copper":28,"minecraft:dirt":13,"minecraft:bone":2,"minecraft:wooden_sword":1,"minecraft:arrow":2,"minecraft:pumpkin_seeds":3,"minecraft:iron_ingot":2,"minecraft:bread":5,"minecraft:melon_seeds":5,"minecraft:chest":1,"minecraft:coal":39,"minecraft:cobblestone":27},"minecraft:crafted":{"minecraft:crafting_table":2,"minecraft:spruce_planks":32,"minecraft:iron_hoe":1,"minecraft:stick":20,"minecraft:wooden_pickaxe":1,"minecraft:stone_pickaxe":1,"minecraft:stone_sword":1,"minecraft:furnace":1,"minecraft:torch":52},"minecraft:dropped":{"minecraft:melon_seeds":1,"minecraft:iron_hoe":1,"minecraft:pumpkin_seeds":2},"minecraft:mined":{"minecraft:sweet_berry_bush":6,"minecraft:spruce_log":9,"minecraft:andesite":1,"minecraft:crafting_table":1,"minecraft:pointed_dripstone":7,"minecraft:grass_block":1,"minecraft:coal_ore":39,"minecraft:chest":1,"minecraft:dripstone_block":7,"minecraft:copper_ore":9,"minecraft:cobblestone":1,"minecraft:spruce_leaves":4,"minecraft:stone":19,"minecraft:fern":1},"minecraft:used":{"minecraft:iron_hoe":6,"minecraft:stone_sword":24,"minecraft:bread":4,"minecraft:stone_pickaxe":79,"minecraft:wooden_pickaxe":4,"minecraft:rotten_flesh":1,"minecraft:melon_seeds":3,"minecraft:torch":22,"minecraft:wooden_sword":21,"minecraft:dirt":13,"minecraft:sweet_berries":22,"minecraft:crafting_table":3,"minecraft:andesite":1},"minecraft:custom":{"minecraft:time_since_rest":20456,"minecraft:interact_with_furnace":1,"minecraft:sprint_one_cm":12538,"minecraft:damage_taken":433,"minecraft:walk_one_cm":140339,"minecraft:mob_kills":2,"minecraft:drop":4,"minecraft:damage_dealt":739,"minecraft:talked_to_villager":1,"minecraft:interact_with_crafting_table":6,"minecraft:fly_one_cm":8044,"minecraft:open_barrel":1,"minecraft:open_chest":1,"minecraft:crouch_one_cm":374,"minecraft:play_time":20456,"minecraft:sneak_time":236,"minecraft:jump":238,"minecraft:time_since_death":20456,"minecraft:total_world_time":20456,"minecraft:fall_one_cm":5700}},"DataVersion":3465}